game_id,season,date_game,start_time,home_team,away_team,home_score,away_score,home_score_1h,away_score_1h,home_score_2h,away_score_2h,neutral_site,venue,pair_key,event_id,book,market,period,commence_time,last_update,home_team_name,away_team_name,moneyline_home,moneyline_away,home_spread,home_spread_price,away_spread,away_spread_price,total,over_price,under_price,date_line,_day_diff
401812262,2025,2025-11-13,2025-11-14 00:00:00+00:00,Alabama Crimson Tide,Purdue Boilermakers,0,0,,,,,False,Coleman Coliseum,alabamacrimson::purdueboilermakers,7beef269b791cb33fdee5b1d97a01333,BetMGM,h2h,2h,2025-11-14 00:00:00+00:00,2025-11-13 17:51:39+00:00,Alabama Crimson Tide,Purdue Boilermakers,-160.0,135.0,,,,,,,,2025-11-14,1
401812262,2025,2025-11-13,2025-11-14 00:00:00+00:00,Alabama Crimson Tide,Purdue Boilermakers,0,0,,,,,False,Coleman Coliseum,alabamacrimson::purdueboilermakers,7beef269b791cb33fdee5b1d97a01333,BetMGM,spreads,full_game,2025-11-14 00:00:00+00:00,2025-11-13 17:51:39+00:00,Alabama Crimson Tide,Purdue Boilermakers,,,-3.5,-105.0,3.5,-115.0,,,,2025-11-14,1
401812262,2025,2025-11-13,2025-11-14 00:00:00+00:00,Alabama Crimson Tide,Purdue Boilermakers,0,0,,,,,False,Coleman Coliseum,alabamacrimson::purdueboilermakers,7beef269b791cb33fdee5b1d97a01333,BetMGM,totals,full_game,2025-11-14 00:00:00+00:00,2025-11-13 17:51:39+00:00,Alabama Crimson Tide,Purdue Boilermakers,,,,,,,173.5,-110.0,-110.0,2025-11-14,1
401812262,2025,2025-11-13,2025-11-14 00:00:00+00:00,Alabama Crimson Tide,Purdue Boilermakers,0,0,,,,,False,Coleman Coliseum,alabamacrimson::purdueboilermakers,7beef269b791cb33fdee5b1d97a01333,BetOnline.ag,h2h,2h,2025-11-14 00:00:00+00:00,2025-11-13 17:51:16+00:00,Alabama Crimson Tide,Purdue Boilermakers,-160.0,140.0,,,,,,,,2025-11-14,1
401812262,2025,2025-11-13,2025-11-14 00:00:00+00:00,Alabama Crimson Tide,Purdue Boilermakers,0,0,,,,,False,Coleman Coliseum,alabamacrimson::purdueboilermakers,7beef269b791cb33fdee5b1d97a01333,BetOnline.ag,spreads,full_game,2025-11-14 00:00:00+00:00,2025-11-13 17:51:16+00:00,Alabama Crimson Tide,Purdue Boilermakers,,,-3.0,-110.0,3.0,-110.0,,,,2025-11-14,1
401812262,2025,2025-11-13,2025-11-14 00:00:00+00:00,Alabama Crimson Tide,Purdue Boilermakers,0,0,,,,,False,Coleman Coliseum,alabamacrimson::purdueboilermakers,7beef269b791cb33fdee5b1d97a01333,BetOnline.ag,totals,full_game,2025-11-14 00:00:00+00:00,2025-11-13 17:51:16+00:00,Alabama Crimson Tide,Purdue Boilermakers,,,,,,,173.0,-112.0,-108.0,2025-11-14,1
401812262,2025,2025-11-13,2025-11-14 00:00:00+00:00,Alabama Crimson Tide,Purdue Boilermakers,0,0,,,,,False,Coleman Coliseum,alabamacrimson::purdueboilermakers,7beef269b791cb33fdee5b1d97a01333,BetRivers,h2h,2h,2025-11-14 00:00:00+00:00,2025-11-13 17:51:40+00:00,Alabama Crimson Tide,Purdue Boilermakers,-167.0,130.0,,,,,,,,2025-11-14,1
401812262,2025,2025-11-13,2025-11-14 00:00:00+00:00,Alabama Crimson Tide,Purdue Boilermakers,0,0,,,,,False,Coleman Coliseum,alabamacrimson::purdueboilermakers,7beef269b791cb33fdee5b1d97a01333,BetRivers,spreads,full_game,2025-11-14 00:00:00+00:00,2025-11-13 17:51:40+00:00,Alabama Crimson Tide,Purdue Boilermakers,,,-3.5,-109.0,3.5,-114.0,,,,2025-11-14,1
401812262,2025,2025-11-13,2025-11-14 00:00:00+00:00,Alabama Crimson Tide,Purdue Boilermakers,0,0,,,,,False,Coleman Coliseum,alabamacrimson::purdueboilermakers,7beef269b791cb33fdee5b1d97a01333,BetRivers,totals,full_game,2025-11-14 00:00:00+00:00,2025-11-13 17:51:40+00:00,Alabama Crimson Tide,Purdue Boilermakers,,,,,,,173.5,-110.0,-113.0,2025-11-14,1
401812262,2025,2025-11-13,2025-11-14 00:00:00+00:00,Alabama Crimson Tide,Purdue Boilermakers,0,0,,,,,False,Coleman Coliseum,alabamacrimson::purdueboilermakers,7beef269b791cb33fdee5b1d97a01333,BetUS,h2h,2h,2025-11-14 00:00:00+00:00,2025-11-13 17:51:52+00:00,Alabama Crimson Tide,Purdue Boilermakers,-160.0,138.0,,,,,,,,2025-11-14,1
401812262,2025,2025-11-13,2025-11-14 00:00:00+00:00,Alabama Crimson Tide,Purdue Boilermakers,0,0,,,,,False,Coleman Coliseum,alabamacrimson::purdueboilermakers,7beef269b791cb33fdee5b1d97a01333,BetUS,spreads,full_game,2025-11-14 00:00:00+00:00,2025-11-13 17:51:52+00:00,Alabama Crimson Tide,Purdue Boilermakers,,,-3.0,-110.0,3.0,-110.0,,,,2025-11-14,1
401812262,2025,2025-11-13,2025-11-14 00:00:00+00:00,Alabama Crimson Tide,Purdue Boilermakers,0,0,,,,,False,Coleman Coliseum,alabamacrimson::purdueboilermakers,7beef269b791cb33fdee5b1d97a01333,BetUS,totals,full_game,2025-11-14 00:00:00+00:00,2025-11-13 17:51:52+00:00,Alabama Crimson Tide,Purdue Boilermakers,,,,,,,173.5,-110.0,-110.0,2025-11-14,1
401812262,2025,2025-11-13,2025-11-14 00:00:00+00:00,Alabama Crimson Tide,Purdue Boilermakers,0,0,,,,,False,Coleman Coliseum,alabamacrimson::purdueboilermakers,7beef269b791cb33fdee5b1d97a01333,Bovada,h2h,2h,2025-11-14 00:00:00+00:00,2025-11-13 17:51:58+00:00,Alabama Crimson Tide,Purdue Boilermakers,-165.0,140.0,,,,,,,,2025-11-14,1
401812262,2025,2025-11-13,2025-11-14 00:00:00+00:00,Alabama Crimson Tide,Purdue Boilermakers,0,0,,,,,False,Coleman Coliseum,alabamacrimson::purdueboilermakers,7beef269b791cb33fdee5b1d97a01333,Bovada,spreads,full_game,2025-11-14 00:00:00+00:00,2025-11-13 17:51:58+00:00,Alabama Crimson Tide,Purdue Boilermakers,,,-3.0,-110.0,3.0,-110.0,,,,2025-11-14,1
401812262,2025,2025-11-13,2025-11-14 00:00:00+00:00,Alabama Crimson Tide,Purdue Boilermakers,0,0,,,,,False,Coleman Coliseum,alabamacrimson::purdueboilermakers,7beef269b791cb33fdee5b1d97a01333,Bovada,totals,full_game,2025-11-14 00:00:00+00:00,2025-11-13 17:51:58+00:00,Alabama Crimson Tide,Purdue Boilermakers,,,,,,,173.5,-110.0,-110.0,2025-11-14,1
401812262,2025,2025-11-13,2025-11-14 00:00:00+00:00,Alabama Crimson Tide,Purdue Boilermakers,0,0,,,,,False,Coleman Coliseum,alabamacrimson::purdueboilermakers,7beef269b791cb33fdee5b1d97a01333,Caesars,h2h,2h,2025-11-14 00:00:00+00:00,2025-11-13 17:51:07+00:00,Alabama Crimson Tide,Purdue Boilermakers,-165.0,140.0,,,,,,,,2025-11-14,1
401812262,2025,2025-11-13,2025-11-14 00:00:00+00:00,Alabama Crimson Tide,Purdue Boilermakers,0,0,,,,,False,Coleman Coliseum,alabamacrimson::purdueboilermakers,7beef269b791cb33fdee5b1d97a01333,Caesars,spreads,full_game,2025-11-14 00:00:00+00:00,2025-11-13 17:51:07+00:00,Alabama Crimson Tide,Purdue Boilermakers,,,-3.0,-110.0,3.0,-110.0,,,,2025-11-14,1
401812262,2025,2025-11-13,2025-11-14 00:00:00+00:00,Alabama Crimson Tide,Purdue Boilermakers,0,0,,,,,False,Coleman Coliseum,alabamacrimson::purdueboilermakers,7beef269b791cb33fdee5b1d97a01333,Caesars,totals,full_game,2025-11-14 00:00:00+00:00,2025-11-13 17:51:07+00:00,Alabama Crimson Tide,Purdue Boilermakers,,,,,,,173.5,-110.0,-110.0,2025-11-14,1
401812262,2025,2025-11-13,2025-11-14 00:00:00+00:00,Alabama Crimson Tide,Purdue Boilermakers,0,0,,,,,False,Coleman Coliseum,alabamacrimson::purdueboilermakers,7beef269b791cb33fdee5b1d97a01333,DraftKings,h2h,2h,2025-11-14 00:00:00+00:00,2025-11-13 17:51:39+00:00,Alabama Crimson Tide,Purdue Boilermakers,-162.0,136.0,,,,,,,,2025-11-14,1
401812262,2025,2025-11-13,2025-11-14 00:00:00+00:00,Alabama Crimson Tide,Purdue Boilermakers,0,0,,,,,False,Coleman Coliseum,alabamacrimson::purdueboilermakers,7beef269b791cb33fdee5b1d97a01333,DraftKings,spreads,full_game,2025-11-14 00:00:00+00:00,2025-11-13 17:51:39+00:00,Alabama Crimson Tide,Purdue Boilermakers,,,-3.5,-102.0,3.5,-118.0,,,,2025-11-14,1
401812262,2025,2025-11-13,2025-11-14 00:00:00+00:00,Alabama Crimson Tide,Purdue Boilermakers,0,0,,,,,False,Coleman Coliseum,alabamacrimson::purdueboilermakers,7beef269b791cb33fdee5b1d97a01333,DraftKings,totals,full_game,2025-11-14 00:00:00+00:00,2025-11-13 17:51:39+00:00,Alabama Crimson Tide,Purdue Boilermakers,,,,,,,173.5,-108.0,-112.0,2025-11-14,1
401812262,2025,2025-11-13,2025-11-14 00:00:00+00:00,Alabama Crimson Tide,Purdue Boilermakers,0,0,,,,,False,Coleman Coliseum,alabamacrimson::purdueboilermakers,7beef269b791cb33fdee5b1d97a01333,FanDuel,h2h,2h,2025-11-14 00:00:00+00:00,2025-11-13 17:50:14+00:00,Alabama Crimson Tide,Purdue Boilermakers,-170.0,140.0,,,,,,,,2025-11-14,1
401812262,2025,2025-11-13,2025-11-14 00:00:00+00:00,Alabama Crimson Tide,Purdue Boilermakers,0,0,,,,,False,Coleman Coliseum,alabamacrimson::purdueboilermakers,7beef269b791cb33fdee5b1d97a01333,FanDuel,spreads,full_game,2025-11-14 00:00:00+00:00,2025-11-13 17:50:14+00:00,Alabama Crimson Tide,Purdue Boilermakers,,,-2.5,-120.0,2.5,-102.0,,,,2025-11-14,1
401812262,2025,2025-11-13,2025-11-14 00:00:00+00:00,Alabama Crimson Tide,Purdue Boilermakers,0,0,,,,,False,Coleman Coliseum,alabamacrimson::purdueboilermakers,7beef269b791cb33fdee5b1d97a01333,FanDuel,totals,full_game,2025-11-14 00:00:00+00:00,2025-11-13 17:50:14+00:00,Alabama Crimson Tide,Purdue Boilermakers,,,,,,,173.5,-108.0,-112.0,2025-11-14,1
401812262,2025,2025-11-13,2025-11-14 00:00:00+00:00,Alabama Crimson Tide,Purdue Boilermakers,0,0,,,,,False,Coleman Coliseum,alabamacrimson::purdueboilermakers,7beef269b791cb33fdee5b1d97a01333,Fanatics,h2h,2h,2025-11-14 00:00:00+00:00,2025-11-13 17:51:39+00:00,Alabama Crimson Tide,Purdue Boilermakers,-160.0,130.0,,,,,,,,2025-11-14,1
401812262,2025,2025-11-13,2025-11-14 00:00:00+00:00,Alabama Crimson Tide,Purdue Boilermakers,0,0,,,,,False,Coleman Coliseum,alabamacrimson::purdueboilermakers,7beef269b791cb33fdee5b1d97a01333,Fanatics,spreads,full_game,2025-11-14 00:00:00+00:00,2025-11-13 17:51:39+00:00,Alabama Crimson Tide,Purdue Boilermakers,,,-3.0,-110.0,3.0,-110.0,,,,2025-11-14,1
401812262,2025,2025-11-13,2025-11-14 00:00:00+00:00,Alabama Crimson Tide,Purdue Boilermakers,0,0,,,,,False,Coleman Coliseum,alabamacrimson::purdueboilermakers,7beef269b791cb33fdee5b1d97a01333,Fanatics,totals,full_game,2025-11-14 00:00:00+00:00,2025-11-13 17:51:39+00:00,Alabama Crimson Tide,Purdue Boilermakers,,,,,,,175.5,100.0,-120.0,2025-11-14,1
401812262,2025,2025-11-13,2025-11-14 00:00:00+00:00,Alabama Crimson Tide,Purdue Boilermakers,0,0,,,,,False,Coleman Coliseum,alabamacrimson::purdueboilermakers,7beef269b791cb33fdee5b1d97a01333,LowVig.ag,h2h,2h,2025-11-14 00:00:00+00:00,2025-11-13 17:51:40+00:00,Alabama Crimson Tide,Purdue Boilermakers,-160.0,140.0,,,,,,,,2025-11-14,1
401812262,2025,2025-11-13,2025-11-14 00:00:00+00:00,Alabama Crimson Tide,Purdue Boilermakers,0,0,,,,,False,Coleman Coliseum,alabamacrimson::purdueboilermakers,7beef269b791cb33fdee5b1d97a01333,LowVig.ag,spreads,full_game,2025-11-14 00:00:00+00:00,2025-11-13 17:51:40+00:00,Alabama Crimson Tide,Purdue Boilermakers,,,-3.0,-106.0,3.0,-106.0,,,,2025-11-14,1
401812262,2025,2025-11-13,2025-11-14 00:00:00+00:00,Alabama Crimson Tide,Purdue Boilermakers,0,0,,,,,False,Coleman Coliseum,alabamacrimson::purdueboilermakers,7beef269b791cb33fdee5b1d97a01333,LowVig.ag,totals,full_game,2025-11-14 00:00:00+00:00,2025-11-13 17:51:40+00:00,Alabama Crimson Tide,Purdue Boilermakers,,,,,,,173.0,-110.0,-106.0,2025-11-14,1
401817221,2025,2025-11-13,2025-11-14 02:00:00+00:00,Kansas State Wildcats,California Golden Bears,0,0,,,,,False,Bramlage Coliseum,californiagolden::kansasstate,7f6eb10ef14e040641f87cc2e1a932bc,BetMGM,h2h,2h,2025-11-14 02:00:00+00:00,2025-11-13 17:51:40+00:00,Kansas St Wildcats,California Golden Bears,-275.0,225.0,,,,,,,,2025-11-14,1
401817221,2025,2025-11-13,2025-11-14 02:00:00+00:00,Kansas State Wildcats,California Golden Bears,0,0,,,,,False,Bramlage Coliseum,californiagolden::kansasstate,7f6eb10ef14e040641f87cc2e1a932bc,BetMGM,spreads,full_game,2025-11-14 02:00:00+00:00,2025-11-13 17:51:40+00:00,Kansas St Wildcats,California Golden Bears,,,-6.5,-110.0,6.5,-110.0,,,,2025-11-14,1
401817221,2025,2025-11-13,2025-11-14 02:00:00+00:00,Kansas State Wildcats,California Golden Bears,0,0,,,,,False,Bramlage Coliseum,californiagolden::kansasstate,7f6eb10ef14e040641f87cc2e1a932bc,BetMGM,totals,full_game,2025-11-14 02:00:00+00:00,2025-11-13 17:51:40+00:00,Kansas St Wildcats,California Golden Bears,,,,,,,163.5,-115.0,-105.0,2025-11-14,1
401817221,2025,2025-11-13,2025-11-14 02:00:00+00:00,Kansas State Wildcats,California Golden Bears,0,0,,,,,False,Bramlage Coliseum,californiagolden::kansasstate,7f6eb10ef14e040641f87cc2e1a932bc,BetOnline.ag,h2h,2h,2025-11-14 02:00:00+00:00,2025-11-13 17:51:16+00:00,Kansas St Wildcats,California Golden Bears,-280.0,230.0,,,,,,,,2025-11-14,1
401817221,2025,2025-11-13,2025-11-14 02:00:00+00:00,Kansas State Wildcats,California Golden Bears,0,0,,,,,False,Bramlage Coliseum,californiagolden::kansasstate,7f6eb10ef14e040641f87cc2e1a932bc,BetOnline.ag,spreads,full_game,2025-11-14 02:00:00+00:00,2025-11-13 17:51:16+00:00,Kansas St Wildcats,California Golden Bears,,,-6.5,-110.0,6.5,-110.0,,,,2025-11-14,1
401817221,2025,2025-11-13,2025-11-14 02:00:00+00:00,Kansas State Wildcats,California Golden Bears,0,0,,,,,False,Bramlage Coliseum,californiagolden::kansasstate,7f6eb10ef14e040641f87cc2e1a932bc,BetOnline.ag,totals,full_game,2025-11-14 02:00:00+00:00,2025-11-13 17:51:16+00:00,Kansas St Wildcats,California Golden Bears,,,,,,,163.5,-122.0,102.0,2025-11-14,1
401817221,2025,2025-11-13,2025-11-14 02:00:00+00:00,Kansas State Wildcats,California Golden Bears,0,0,,,,,False,Bramlage Coliseum,californiagolden::kansasstate,7f6eb10ef14e040641f87cc2e1a932bc,BetRivers,h2h,2h,2025-11-14 02:00:00+00:00,2025-11-13 17:51:40+00:00,Kansas St Wildcats,California Golden Bears,-315.0,225.0,,,,,,,,2025-11-14,1
401817221,2025,2025-11-13,2025-11-14 02:00:00+00:00,Kansas State Wildcats,California Golden Bears,0,0,,,,,False,Bramlage Coliseum,californiagolden::kansasstate,7f6eb10ef14e040641f87cc2e1a932bc,BetRivers,spreads,full_game,2025-11-14 02:00:00+00:00,2025-11-13 17:51:40+00:00,Kansas St Wildcats,California Golden Bears,,,-7.0,-114.0,7.0,-109.0,,,,2025-11-14,1
401817221,2025,2025-11-13,2025-11-14 02:00:00+00:00,Kansas State Wildcats,California Golden Bears,0,0,,,,,False,Bramlage Coliseum,californiagolden::kansasstate,7f6eb10ef14e040641f87cc2e1a932bc,BetRivers,totals,full_game,2025-11-14 02:00:00+00:00,2025-11-13 17:51:40+00:00,Kansas St Wildcats,California Golden Bears,,,,,,,163.5,-113.0,-110.0,2025-11-14,1
401817221,2025,2025-11-13,2025-11-14 02:00:00+00:00,Kansas State Wildcats,California Golden Bears,0,0,,,,,False,Bramlage Coliseum,californiagolden::kansasstate,7f6eb10ef14e040641f87cc2e1a932bc,BetUS,h2h,2h,2025-11-14 02:00:00+00:00,2025-11-13 17:51:52+00:00,Kansas St Wildcats,California Golden Bears,-290.0,240.0,,,,,,,,2025-11-14,1
401817221,2025,2025-11-13,2025-11-14 02:00:00+00:00,Kansas State Wildcats,California Golden Bears,0,0,,,,,False,Bramlage Coliseum,californiagolden::kansasstate,7f6eb10ef14e040641f87cc2e1a932bc,BetUS,spreads,full_game,2025-11-14 02:00:00+00:00,2025-11-13 17:51:52+00:00,Kansas St Wildcats,California Golden Bears,,,-6.5,-115.0,6.5,-105.0,,,,2025-11-14,1
401817221,2025,2025-11-13,2025-11-14 02:00:00+00:00,Kansas State Wildcats,California Golden Bears,0,0,,,,,False,Bramlage Coliseum,californiagolden::kansasstate,7f6eb10ef14e040641f87cc2e1a932bc,BetUS,totals,full_game,2025-11-14 02:00:00+00:00,2025-11-13 17:51:52+00:00,Kansas St Wildcats,California Golden Bears,,,,,,,164.5,-110.0,-110.0,2025-11-14,1
401817221,2025,2025-11-13,2025-11-14 02:00:00+00:00,Kansas State Wildcats,California Golden Bears,0,0,,,,,False,Bramlage Coliseum,californiagolden::kansasstate,7f6eb10ef14e040641f87cc2e1a932bc,Bovada,h2h,2h,2025-11-14 02:00:00+00:00,2025-11-13 17:51:58+00:00,Kansas St Wildcats,California Golden Bears,-280.0,230.0,,,,,,,,2025-11-14,1
401817221,2025,2025-11-13,2025-11-14 02:00:00+00:00,Kansas State Wildcats,California Golden Bears,0,0,,,,,False,Bramlage Coliseum,californiagolden::kansasstate,7f6eb10ef14e040641f87cc2e1a932bc,Bovada,spreads,full_game,2025-11-14 02:00:00+00:00,2025-11-13 17:51:58+00:00,Kansas St Wildcats,California Golden Bears,,,-6.5,-115.0,6.5,-105.0,,,,2025-11-14,1
401817221,2025,2025-11-13,2025-11-14 02:00:00+00:00,Kansas State Wildcats,California Golden Bears,0,0,,,,,False,Bramlage Coliseum,californiagolden::kansasstate,7f6eb10ef14e040641f87cc2e1a932bc,Bovada,totals,full_game,2025-11-14 02:00:00+00:00,2025-11-13 17:51:58+00:00,Kansas St Wildcats,California Golden Bears,,,,,,,164.5,-110.0,-110.0,2025-11-14,1
401817221,2025,2025-11-13,2025-11-14 02:00:00+00:00,Kansas State Wildcats,California Golden Bears,0,0,,,,,False,Bramlage Coliseum,californiagolden::kansasstate,7f6eb10ef14e040641f87cc2e1a932bc,Caesars,h2h,2h,2025-11-14 02:00:00+00:00,2025-11-13 17:51:07+00:00,Kansas St Wildcats,California Golden Bears,-292.0,235.0,,,,,,,,2025-11-14,1
401817221,2025,2025-11-13,2025-11-14 02:00:00+00:00,Kansas State Wildcats,California Golden Bears,0,0,,,,,False,Bramlage Coliseum,californiagolden::kansasstate,7f6eb10ef14e040641f87cc2e1a932bc,Caesars,spreads,full_game,2025-11-14 02:00:00+00:00,2025-11-13 17:51:07+00:00,Kansas St Wildcats,California Golden Bears,,,-6.5,-110.0,6.5,-110.0,,,,2025-11-14,1
401817221,2025,2025-11-13,2025-11-14 02:00:00+00:00,Kansas State Wildcats,California Golden Bears,0,0,,,,,False,Bramlage Coliseum,californiagolden::kansasstate,7f6eb10ef14e040641f87cc2e1a932bc,Caesars,totals,full_game,2025-11-14 02:00:00+00:00,2025-11-13 17:51:07+00:00,Kansas St Wildcats,California Golden Bears,,,,,,,163.5,-110.0,-110.0,2025-11-14,1
401817221,2025,2025-11-13,2025-11-14 02:00:00+00:00,Kansas State Wildcats,California Golden Bears,0,0,,,,,False,Bramlage Coliseum,californiagolden::kansasstate,7f6eb10ef14e040641f87cc2e1a932bc,DraftKings,h2h,2h,2025-11-14 02:00:00+00:00,2025-11-13 17:51:39+00:00,Kansas St Wildcats,California Golden Bears,-305.0,245.0,,,,,,,,2025-11-14,1
401817221,2025,2025-11-13,2025-11-14 02:00:00+00:00,Kansas State Wildcats,California Golden Bears,0,0,,,,,False,Bramlage Coliseum,californiagolden::kansasstate,7f6eb10ef14e040641f87cc2e1a932bc,DraftKings,spreads,full_game,2025-11-14 02:00:00+00:00,2025-11-13 17:51:39+00:00,Kansas St Wildcats,California Golden Bears,,,-6.5,-112.0,6.5,-108.0,,,,2025-11-14,1
401817221,2025,2025-11-13,2025-11-14 02:00:00+00:00,Kansas State Wildcats,California Golden Bears,0,0,,,,,False,Bramlage Coliseum,californiagolden::kansasstate,7f6eb10ef14e040641f87cc2e1a932bc,DraftKings,totals,full_game,2025-11-14 02:00:00+00:00,2025-11-13 17:51:39+00:00,Kansas St Wildcats,California Golden Bears,,,,,,,163.5,-112.0,-108.0,2025-11-14,1
401817221,2025,2025-11-13,2025-11-14 02:00:00+00:00,Kansas State Wildcats,California Golden Bears,0,0,,,,,False,Bramlage Coliseum,californiagolden::kansasstate,7f6eb10ef14e040641f87cc2e1a932bc,FanDuel,h2h,2h,2025-11-14 02:00:00+00:00,2025-11-13 17:50:14+00:00,Kansas St Wildcats,California Golden Bears,-335.0,265.0,,,,,,,,2025-11-14,1
401817221,2025,2025-11-13,2025-11-14 02:00:00+00:00,Kansas State Wildcats,California Golden Bears,0,0,,,,,False,Bramlage Coliseum,californiagolden::kansasstate,7f6eb10ef14e040641f87cc2e1a932bc,FanDuel,spreads,full_game,2025-11-14 02:00:00+00:00,2025-11-13 17:50:14+00:00,Kansas St Wildcats,California Golden Bears,,,-7.5,-105.0,7.5,-115.0,,,,2025-11-14,1
401817221,2025,2025-11-13,2025-11-14 02:00:00+00:00,Kansas State Wildcats,California Golden Bears,0,0,,,,,False,Bramlage Coliseum,californiagolden::kansasstate,7f6eb10ef14e040641f87cc2e1a932bc,FanDuel,totals,full_game,2025-11-14 02:00:00+00:00,2025-11-13 17:50:14+00:00,Kansas St Wildcats,California Golden Bears,,,,,,,163.5,-115.0,-105.0,2025-11-14,1
401817221,2025,2025-11-13,2025-11-14 02:00:00+00:00,Kansas State Wildcats,California Golden Bears,0,0,,,,,False,Bramlage Coliseum,californiagolden::kansasstate,7f6eb10ef14e040641f87cc2e1a932bc,Fanatics,h2h,2h,2025-11-14 02:00:00+00:00,2025-11-13 17:51:39+00:00,Kansas St Wildcats,California Golden Bears,-300.0,240.0,,,,,,,,2025-11-14,1
401817221,2025,2025-11-13,2025-11-14 02:00:00+00:00,Kansas State Wildcats,California Golden Bears,0,0,,,,,False,Bramlage Coliseum,californiagolden::kansasstate,7f6eb10ef14e040641f87cc2e1a932bc,Fanatics,spreads,full_game,2025-11-14 02:00:00+00:00,2025-11-13 17:51:39+00:00,Kansas St Wildcats,California Golden Bears,,,-7.0,-110.0,7.0,-110.0,,,,2025-11-14,1
401817221,2025,2025-11-13,2025-11-14 02:00:00+00:00,Kansas State Wildcats,California Golden Bears,0,0,,,,,False,Bramlage Coliseum,californiagolden::kansasstate,7f6eb10ef14e040641f87cc2e1a932bc,Fanatics,totals,full_game,2025-11-14 02:00:00+00:00,2025-11-13 17:51:39+00:00,Kansas St Wildcats,California Golden Bears,,,,,,,163.0,-110.0,-110.0,2025-11-14,1
401817221,2025,2025-11-13,2025-11-14 02:00:00+00:00,Kansas State Wildcats,California Golden Bears,0,0,,,,,False,Bramlage Coliseum,californiagolden::kansasstate,7f6eb10ef14e040641f87cc2e1a932bc,LowVig.ag,h2h,2h,2025-11-14 02:00:00+00:00,2025-11-13 17:51:40+00:00,Kansas St Wildcats,California Golden Bears,-280.0,230.0,,,,,,,,2025-11-14,1
401817221,2025,2025-11-13,2025-11-14 02:00:00+00:00,Kansas State Wildcats,California Golden Bears,0,0,,,,,False,Bramlage Coliseum,californiagolden::kansasstate,7f6eb10ef14e040641f87cc2e1a932bc,LowVig.ag,spreads,full_game,2025-11-14 02:00:00+00:00,2025-11-13 17:51:40+00:00,Kansas St Wildcats,California Golden Bears,,,-6.5,-106.0,6.5,-106.0,,,,2025-11-14,1
401817221,2025,2025-11-13,2025-11-14 02:00:00+00:00,Kansas State Wildcats,California Golden Bears,0,0,,,,,False,Bramlage Coliseum,californiagolden::kansasstate,7f6eb10ef14e040641f87cc2e1a932bc,LowVig.ag,totals,full_game,2025-11-14 02:00:00+00:00,2025-11-13 17:51:40+00:00,Kansas St Wildcats,California Golden Bears,,,,,,,163.5,-121.0,104.0,2025-11-14,1
401817444,2025,2025-11-13,2025-11-13 23:00:00+00:00,West Virginia Mountaineers,Pittsburgh Panthers,0,0,,,,,False,WVU Coliseum,pittsburgh::westvirginia,72f8638a4e626bd13a2fc08a3b1932d5,BetMGM,h2h,2h,2025-11-13 23:00:00+00:00,2025-11-13 17:51:39+00:00,West Virginia Mountaineers,Pittsburgh Panthers,-275.0,220.0,,,,,,,,2025-11-13,0
401817444,2025,2025-11-13,2025-11-13 23:00:00+00:00,West Virginia Mountaineers,Pittsburgh Panthers,0,0,,,,,False,WVU Coliseum,pittsburgh::westvirginia,72f8638a4e626bd13a2fc08a3b1932d5,BetMGM,spreads,full_game,2025-11-13 23:00:00+00:00,2025-11-13 17:51:39+00:00,West Virginia Mountaineers,Pittsburgh Panthers,,,-6.5,-115.0,6.5,-105.0,,,,2025-11-13,0
401817444,2025,2025-11-13,2025-11-13 23:00:00+00:00,West Virginia Mountaineers,Pittsburgh Panthers,0,0,,,,,False,WVU Coliseum,pittsburgh::westvirginia,72f8638a4e626bd13a2fc08a3b1932d5,BetMGM,totals,full_game,2025-11-13 23:00:00+00:00,2025-11-13 17:51:39+00:00,West Virginia Mountaineers,Pittsburgh Panthers,,,,,,,133.5,-110.0,-110.0,2025-11-13,0
401817444,2025,2025-11-13,2025-11-13 23:00:00+00:00,West Virginia Mountaineers,Pittsburgh Panthers,0,0,,,,,False,WVU Coliseum,pittsburgh::westvirginia,72f8638a4e626bd13a2fc08a3b1932d5,BetOnline.ag,h2h,2h,2025-11-13 23:00:00+00:00,2025-11-13 17:51:16+00:00,West Virginia Mountaineers,Pittsburgh Panthers,-265.0,219.0,,,,,,,,2025-11-13,0
401817444,2025,2025-11-13,2025-11-13 23:00:00+00:00,West Virginia Mountaineers,Pittsburgh Panthers,0,0,,,,,False,WVU Coliseum,pittsburgh::westvirginia,72f8638a4e626bd13a2fc08a3b1932d5,BetOnline.ag,spreads,full_game,2025-11-13 23:00:00+00:00,2025-11-13 17:51:16+00:00,West Virginia Mountaineers,Pittsburgh Panthers,,,-6.5,-111.0,6.5,-109.0,,,,2025-11-13,0
401817444,2025,2025-11-13,2025-11-13 23:00:00+00:00,West Virginia Mountaineers,Pittsburgh Panthers,0,0,,,,,False,WVU Coliseum,pittsburgh::westvirginia,72f8638a4e626bd13a2fc08a3b1932d5,BetOnline.ag,totals,full_game,2025-11-13 23:00:00+00:00,2025-11-13 17:51:16+00:00,West Virginia Mountaineers,Pittsburgh Panthers,,,,,,,134.0,-105.0,-115.0,2025-11-13,0
401817444,2025,2025-11-13,2025-11-13 23:00:00+00:00,West Virginia Mountaineers,Pittsburgh Panthers,0,0,,,,,False,WVU Coliseum,pittsburgh::westvirginia,72f8638a4e626bd13a2fc08a3b1932d5,BetRivers,h2h,2h,2025-11-13 23:00:00+00:00,2025-11-13 17:51:40+00:00,West Virginia Mountaineers,Pittsburgh Panthers,-315.0,240.0,,,,,,,,2025-11-13,0
401817444,2025,2025-11-13,2025-11-13 23:00:00+00:00,West Virginia Mountaineers,Pittsburgh Panthers,0,0,,,,,False,WVU Coliseum,pittsburgh::westvirginia,72f8638a4e626bd13a2fc08a3b1932d5,BetRivers,spreads,full_game,2025-11-13 23:00:00+00:00,2025-11-13 17:51:40+00:00,West Virginia Mountaineers,Pittsburgh Panthers,,,-6.5,-114.0,6.5,-109.0,,,,2025-11-13,0
401817444,2025,2025-11-13,2025-11-13 23:00:00+00:00,West Virginia Mountaineers,Pittsburgh Panthers,0,0,,,,,False,WVU Coliseum,pittsburgh::westvirginia,72f8638a4e626bd13a2fc08a3b1932d5,BetRivers,totals,full_game,2025-11-13 23:00:00+00:00,2025-11-13 17:51:40+00:00,West Virginia Mountaineers,Pittsburgh Panthers,,,,,,,133.5,-112.0,-112.0,2025-11-13,0
401817444,2025,2025-11-13,2025-11-13 23:00:00+00:00,West Virginia Mountaineers,Pittsburgh Panthers,0,0,,,,,False,WVU Coliseum,pittsburgh::westvirginia,72f8638a4e626bd13a2fc08a3b1932d5,BetUS,h2h,2h,2025-11-13 23:00:00+00:00,2025-11-13 17:51:52+00:00,West Virginia Mountaineers,Pittsburgh Panthers,-265.0,223.0,,,,,,,,2025-11-13,0
401817444,2025,2025-11-13,2025-11-13 23:00:00+00:00,West Virginia Mountaineers,Pittsburgh Panthers,0,0,,,,,False,WVU Coliseum,pittsburgh::westvirginia,72f8638a4e626bd13a2fc08a3b1932d5,BetUS,spreads,full_game,2025-11-13 23:00:00+00:00,2025-11-13 17:51:52+00:00,West Virginia Mountaineers,Pittsburgh Panthers,,,-7.0,-110.0,7.0,-110.0,,,,2025-11-13,0
401817444,2025,2025-11-13,2025-11-13 23:00:00+00:00,West Virginia Mountaineers,Pittsburgh Panthers,0,0,,,,,False,WVU Coliseum,pittsburgh::westvirginia,72f8638a4e626bd13a2fc08a3b1932d5,BetUS,totals,full_game,2025-11-13 23:00:00+00:00,2025-11-13 17:51:52+00:00,West Virginia Mountaineers,Pittsburgh Panthers,,,,,,,134.0,-110.0,-110.0,2025-11-13,0
401817444,2025,2025-11-13,2025-11-13 23:00:00+00:00,West Virginia Mountaineers,Pittsburgh Panthers,0,0,,,,,False,WVU Coliseum,pittsburgh::westvirginia,72f8638a4e626bd13a2fc08a3b1932d5,Bovada,h2h,2h,2025-11-13 23:00:00+00:00,2025-11-13 17:51:58+00:00,West Virginia Mountaineers,Pittsburgh Panthers,-270.0,220.0,,,,,,,,2025-11-13,0
401817444,2025,2025-11-13,2025-11-13 23:00:00+00:00,West Virginia Mountaineers,Pittsburgh Panthers,0,0,,,,,False,WVU Coliseum,pittsburgh::westvirginia,72f8638a4e626bd13a2fc08a3b1932d5,Bovada,spreads,full_game,2025-11-13 23:00:00+00:00,2025-11-13 17:51:58+00:00,West Virginia Mountaineers,Pittsburgh Panthers,,,-6.5,-115.0,6.5,-105.0,,,,2025-11-13,0
401817444,2025,2025-11-13,2025-11-13 23:00:00+00:00,West Virginia Mountaineers,Pittsburgh Panthers,0,0,,,,,False,WVU Coliseum,pittsburgh::westvirginia,72f8638a4e626bd13a2fc08a3b1932d5,Bovada,totals,full_game,2025-11-13 23:00:00+00:00,2025-11-13 17:51:58+00:00,West Virginia Mountaineers,Pittsburgh Panthers,,,,,,,133.5,-110.0,-110.0,2025-11-13,0
401817444,2025,2025-11-13,2025-11-13 23:00:00+00:00,West Virginia Mountaineers,Pittsburgh Panthers,0,0,,,,,False,WVU Coliseum,pittsburgh::westvirginia,72f8638a4e626bd13a2fc08a3b1932d5,Caesars,h2h,2h,2025-11-13 23:00:00+00:00,2025-11-13 17:51:07+00:00,West Virginia Mountaineers,Pittsburgh Panthers,-278.0,222.0,,,,,,,,2025-11-13,0
401817444,2025,2025-11-13,2025-11-13 23:00:00+00:00,West Virginia Mountaineers,Pittsburgh Panthers,0,0,,,,,False,WVU Coliseum,pittsburgh::westvirginia,72f8638a4e626bd13a2fc08a3b1932d5,Caesars,spreads,full_game,2025-11-13 23:00:00+00:00,2025-11-13 17:51:07+00:00,West Virginia Mountaineers,Pittsburgh Panthers,,,-6.5,-110.0,6.5,-110.0,,,,2025-11-13,0
401817444,2025,2025-11-13,2025-11-13 23:00:00+00:00,West Virginia Mountaineers,Pittsburgh Panthers,0,0,,,,,False,WVU Coliseum,pittsburgh::westvirginia,72f8638a4e626bd13a2fc08a3b1932d5,Caesars,totals,full_game,2025-11-13 23:00:00+00:00,2025-11-13 17:51:07+00:00,West Virginia Mountaineers,Pittsburgh Panthers,,,,,,,134.0,-110.0,-110.0,2025-11-13,0
401817444,2025,2025-11-13,2025-11-13 23:00:00+00:00,West Virginia Mountaineers,Pittsburgh Panthers,0,0,,,,,False,WVU Coliseum,pittsburgh::westvirginia,72f8638a4e626bd13a2fc08a3b1932d5,DraftKings,h2h,2h,2025-11-13 23:00:00+00:00,2025-11-13 17:51:39+00:00,West Virginia Mountaineers,Pittsburgh Panthers,-270.0,220.0,,,,,,,,2025-11-13,0
401817444,2025,2025-11-13,2025-11-13 23:00:00+00:00,West Virginia Mountaineers,Pittsburgh Panthers,0,0,,,,,False,WVU Coliseum,pittsburgh::westvirginia,72f8638a4e626bd13a2fc08a3b1932d5,DraftKings,spreads,full_game,2025-11-13 23:00:00+00:00,2025-11-13 17:51:39+00:00,West Virginia Mountaineers,Pittsburgh Panthers,,,-6.5,-115.0,6.5,-105.0,,,,2025-11-13,0
401817444,2025,2025-11-13,2025-11-13 23:00:00+00:00,West Virginia Mountaineers,Pittsburgh Panthers,0,0,,,,,False,WVU Coliseum,pittsburgh::westvirginia,72f8638a4e626bd13a2fc08a3b1932d5,DraftKings,totals,full_game,2025-11-13 23:00:00+00:00,2025-11-13 17:51:39+00:00,West Virginia Mountaineers,Pittsburgh Panthers,,,,,,,133.5,-112.0,-108.0,2025-11-13,0
401817444,2025,2025-11-13,2025-11-13 23:00:00+00:00,West Virginia Mountaineers,Pittsburgh Panthers,0,0,,,,,False,WVU Coliseum,pittsburgh::westvirginia,72f8638a4e626bd13a2fc08a3b1932d5,FanDuel,h2h,2h,2025-11-13 23:00:00+00:00,2025-11-13 17:50:14+00:00,West Virginia Mountaineers,Pittsburgh Panthers,-320.0,255.0,,,,,,,,2025-11-13,0
401817444,2025,2025-11-13,2025-11-13 23:00:00+00:00,West Virginia Mountaineers,Pittsburgh Panthers,0,0,,,,,False,WVU Coliseum,pittsburgh::westvirginia,72f8638a4e626bd13a2fc08a3b1932d5,FanDuel,spreads,full_game,2025-11-13 23:00:00+00:00,2025-11-13 17:50:14+00:00,West Virginia Mountaineers,Pittsburgh Panthers,,,-6.5,-120.0,6.5,-102.0,,,,2025-11-13,0
401817444,2025,2025-11-13,2025-11-13 23:00:00+00:00,West Virginia Mountaineers,Pittsburgh Panthers,0,0,,,,,False,WVU Coliseum,pittsburgh::westvirginia,72f8638a4e626bd13a2fc08a3b1932d5,FanDuel,totals,full_game,2025-11-13 23:00:00+00:00,2025-11-13 17:50:14+00:00,West Virginia Mountaineers,Pittsburgh Panthers,,,,,,,133.5,-115.0,-105.0,2025-11-13,0
401817444,2025,2025-11-13,2025-11-13 23:00:00+00:00,West Virginia Mountaineers,Pittsburgh Panthers,0,0,,,,,False,WVU Coliseum,pittsburgh::westvirginia,72f8638a4e626bd13a2fc08a3b1932d5,Fanatics,h2h,2h,2025-11-13 23:00:00+00:00,2025-11-13 17:51:39+00:00,West Virginia Mountaineers,Pittsburgh Panthers,-285.0,230.0,,,,,,,,2025-11-13,0
401817444,2025,2025-11-13,2025-11-13 23:00:00+00:00,West Virginia Mountaineers,Pittsburgh Panthers,0,0,,,,,False,WVU Coliseum,pittsburgh::westvirginia,72f8638a4e626bd13a2fc08a3b1932d5,Fanatics,spreads,full_game,2025-11-13 23:00:00+00:00,2025-11-13 17:51:39+00:00,West Virginia Mountaineers,Pittsburgh Panthers,,,-6.5,-110.0,6.5,-110.0,,,,2025-11-13,0
401817444,2025,2025-11-13,2025-11-13 23:00:00+00:00,West Virginia Mountaineers,Pittsburgh Panthers,0,0,,,,,False,WVU Coliseum,pittsburgh::westvirginia,72f8638a4e626bd13a2fc08a3b1932d5,Fanatics,totals,full_game,2025-11-13 23:00:00+00:00,2025-11-13 17:51:39+00:00,West Virginia Mountaineers,Pittsburgh Panthers,,,,,,,133.5,-110.0,-110.0,2025-11-13,0
401817444,2025,2025-11-13,2025-11-13 23:00:00+00:00,West Virginia Mountaineers,Pittsburgh Panthers,0,0,,,,,False,WVU Coliseum,pittsburgh::westvirginia,72f8638a4e626bd13a2fc08a3b1932d5,LowVig.ag,h2h,2h,2025-11-13 23:00:00+00:00,2025-11-13 17:51:40+00:00,West Virginia Mountaineers,Pittsburgh Panthers,-265.0,219.0,,,,,,,,2025-11-13,0
401817444,2025,2025-11-13,2025-11-13 23:00:00+00:00,West Virginia Mountaineers,Pittsburgh Panthers,0,0,,,,,False,WVU Coliseum,pittsburgh::westvirginia,72f8638a4e626bd13a2fc08a3b1932d5,LowVig.ag,spreads,full_game,2025-11-13 23:00:00+00:00,2025-11-13 17:51:40+00:00,West Virginia Mountaineers,Pittsburgh Panthers,,,-6.5,-107.0,6.5,-105.0,,,,2025-11-13,0
401817444,2025,2025-11-13,2025-11-13 23:00:00+00:00,West Virginia Mountaineers,Pittsburgh Panthers,0,0,,,,,False,WVU Coliseum,pittsburgh::westvirginia,72f8638a4e626bd13a2fc08a3b1932d5,LowVig.ag,totals,full_game,2025-11-13 23:00:00+00:00,2025-11-13 17:51:40+00:00,West Virginia Mountaineers,Pittsburgh Panthers,,,,,,,134.0,-103.0,-113.0,2025-11-13,0
401818368,2025,2025-11-13,2025-11-14 00:00:00+00:00,Columbia Lions,UMass Lowell River Hawks,0,0,,,,,False,Levien Gymnasium,columbia::umasslowellriver,73a95ea45ed7e35aae6e62bdfd607ec6,BetMGM,h2h,2h,2025-11-14 00:00:00+00:00,2025-11-13 17:51:40+00:00,Columbia Lions,UMass Lowell River Hawks,-1100.0,700.0,,,,,,,,2025-11-14,1
401818368,2025,2025-11-13,2025-11-14 00:00:00+00:00,Columbia Lions,UMass Lowell River Hawks,0,0,,,,,False,Levien Gymnasium,columbia::umasslowellriver,73a95ea45ed7e35aae6e62bdfd607ec6,BetMGM,spreads,full_game,2025-11-14 00:00:00+00:00,2025-11-13 17:51:40+00:00,Columbia Lions,UMass Lowell River Hawks,,,-13.5,-115.0,13.5,-105.0,,,,2025-11-14,1
401818368,2025,2025-11-13,2025-11-14 00:00:00+00:00,Columbia Lions,UMass Lowell River Hawks,0,0,,,,,False,Levien Gymnasium,columbia::umasslowellriver,73a95ea45ed7e35aae6e62bdfd607ec6,BetMGM,totals,full_game,2025-11-14 00:00:00+00:00,2025-11-13 17:51:40+00:00,Columbia Lions,UMass Lowell River Hawks,,,,,,,156.5,-115.0,-105.0,2025-11-14,1
401818368,2025,2025-11-13,2025-11-14 00:00:00+00:00,Columbia Lions,UMass Lowell River Hawks,0,0,,,,,False,Levien Gymnasium,columbia::umasslowellriver,73a95ea45ed7e35aae6e62bdfd607ec6,BetOnline.ag,spreads,full_game,2025-11-14 00:00:00+00:00,2025-11-13 17:51:16+00:00,Columbia Lions,UMass Lowell River Hawks,,,-13.5,-112.0,13.5,-108.0,,,,2025-11-14,1
401818368,2025,2025-11-13,2025-11-14 00:00:00+00:00,Columbia Lions,UMass Lowell River Hawks,0,0,,,,,False,Levien Gymnasium,columbia::umasslowellriver,73a95ea45ed7e35aae6e62bdfd607ec6,BetOnline.ag,totals,full_game,2025-11-14 00:00:00+00:00,2025-11-13 17:51:16+00:00,Columbia Lions,UMass Lowell River Hawks,,,,,,,155.5,-125.0,105.0,2025-11-14,1
401818368,2025,2025-11-13,2025-11-14 00:00:00+00:00,Columbia Lions,UMass Lowell River Hawks,0,0,,,,,False,Levien Gymnasium,columbia::umasslowellriver,73a95ea45ed7e35aae6e62bdfd607ec6,BetRivers,h2h,2h,2025-11-14 00:00:00+00:00,2025-11-13 17:51:40+00:00,Columbia Lions,UMass Lowell River Hawks,-1000.0,600.0,,,,,,,,2025-11-14,1
401818368,2025,2025-11-13,2025-11-14 00:00:00+00:00,Columbia Lions,UMass Lowell River Hawks,0,0,,,,,False,Levien Gymnasium,columbia::umasslowellriver,73a95ea45ed7e35aae6e62bdfd607ec6,BetRivers,spreads,full_game,2025-11-14 00:00:00+00:00,2025-11-13 17:51:40+00:00,Columbia Lions,UMass Lowell River Hawks,,,-14.0,-110.0,14.0,-113.0,,,,2025-11-14,1
401818368,2025,2025-11-13,2025-11-14 00:00:00+00:00,Columbia Lions,UMass Lowell River Hawks,0,0,,,,,False,Levien Gymnasium,columbia::umasslowellriver,73a95ea45ed7e35aae6e62bdfd607ec6,BetRivers,totals,full_game,2025-11-14 00:00:00+00:00,2025-11-13 17:51:40+00:00,Columbia Lions,UMass Lowell River Hawks,,,,,,,156.5,-113.0,-110.0,2025-11-14,1
401818368,2025,2025-11-13,2025-11-14 00:00:00+00:00,Columbia Lions,UMass Lowell River Hawks,0,0,,,,,False,Levien Gymnasium,columbia::umasslowellriver,73a95ea45ed7e35aae6e62bdfd607ec6,Bovada,h2h,2h,2025-11-14 00:00:00+00:00,2025-11-13 17:51:58+00:00,Columbia Lions,UMass Lowell River Hawks,-1200.0,700.0,,,,,,,,2025-11-14,1
401818368,2025,2025-11-13,2025-11-14 00:00:00+00:00,Columbia Lions,UMass Lowell River Hawks,0,0,,,,,False,Levien Gymnasium,columbia::umasslowellriver,73a95ea45ed7e35aae6e62bdfd607ec6,Bovada,spreads,full_game,2025-11-14 00:00:00+00:00,2025-11-13 17:51:58+00:00,Columbia Lions,UMass Lowell River Hawks,,,-13.5,-110.0,13.5,-110.0,,,,2025-11-14,1
401818368,2025,2025-11-13,2025-11-14 00:00:00+00:00,Columbia Lions,UMass Lowell River Hawks,0,0,,,,,False,Levien Gymnasium,columbia::umasslowellriver,73a95ea45ed7e35aae6e62bdfd607ec6,Bovada,totals,full_game,2025-11-14 00:00:00+00:00,2025-11-13 17:51:58+00:00,Columbia Lions,UMass Lowell River Hawks,,,,,,,156.5,-110.0,-110.0,2025-11-14,1
401818368,2025,2025-11-13,2025-11-14 00:00:00+00:00,Columbia Lions,UMass Lowell River Hawks,0,0,,,,,False,Levien Gymnasium,columbia::umasslowellriver,73a95ea45ed7e35aae6e62bdfd607ec6,Caesars,h2h,2h,2025-11-14 00:00:00+00:00,2025-11-13 17:51:07+00:00,Columbia Lions,UMass Lowell River Hawks,-1400.0,800.0,,,,,,,,2025-11-14,1
401818368,2025,2025-11-13,2025-11-14 00:00:00+00:00,Columbia Lions,UMass Lowell River Hawks,0,0,,,,,False,Levien Gymnasium,columbia::umasslowellriver,73a95ea45ed7e35aae6e62bdfd607ec6,Caesars,spreads,full_game,2025-11-14 00:00:00+00:00,2025-11-13 17:51:07+00:00,Columbia Lions,UMass Lowell River Hawks,,,-13.5,-110.0,13.5,-110.0,,,,2025-11-14,1
401818368,2025,2025-11-13,2025-11-14 00:00:00+00:00,Columbia Lions,UMass Lowell River Hawks,0,0,,,,,False,Levien Gymnasium,columbia::umasslowellriver,73a95ea45ed7e35aae6e62bdfd607ec6,Caesars,totals,full_game,2025-11-14 00:00:00+00:00,2025-11-13 17:51:07+00:00,Columbia Lions,UMass Lowell River Hawks,,,,,,,156.5,-110.0,-110.0,2025-11-14,1
401818368,2025,2025-11-13,2025-11-14 00:00:00+00:00,Columbia Lions,UMass Lowell River Hawks,0,0,,,,,False,Levien Gymnasium,columbia::umasslowellriver,73a95ea45ed7e35aae6e62bdfd607ec6,DraftKings,h2h,2h,2025-11-14 00:00:00+00:00,2025-11-13 17:51:39+00:00,Columbia Lions,UMass Lowell River Hawks,-1350.0,800.0,,,,,,,,2025-11-14,1
401818368,2025,2025-11-13,2025-11-14 00:00:00+00:00,Columbia Lions,UMass Lowell River Hawks,0,0,,,,,False,Levien Gymnasium,columbia::umasslowellriver,73a95ea45ed7e35aae6e62bdfd607ec6,DraftKings,spreads,full_game,2025-11-14 00:00:00+00:00,2025-11-13 17:51:39+00:00,Columbia Lions,UMass Lowell River Hawks,,,-13.5,-115.0,13.5,-105.0,,,,2025-11-14,1
401818368,2025,2025-11-13,2025-11-14 00:00:00+00:00,Columbia Lions,UMass Lowell River Hawks,0,0,,,,,False,Levien Gymnasium,columbia::umasslowellriver,73a95ea45ed7e35aae6e62bdfd607ec6,DraftKings,totals,full_game,2025-11-14 00:00:00+00:00,2025-11-13 17:51:39+00:00,Columbia Lions,UMass Lowell River Hawks,,,,,,,156.5,-110.0,-110.0,2025-11-14,1
401818368,2025,2025-11-13,2025-11-14 00:00:00+00:00,Columbia Lions,UMass Lowell River Hawks,0,0,,,,,False,Levien Gymnasium,columbia::umasslowellriver,73a95ea45ed7e35aae6e62bdfd607ec6,FanDuel,h2h,2h,2025-11-14 00:00:00+00:00,2025-11-13 17:50:14+00:00,Columbia Lions,UMass Lowell River Hawks,-1200.0,720.0,,,,,,,,2025-11-14,1
401818368,2025,2025-11-13,2025-11-14 00:00:00+00:00,Columbia Lions,UMass Lowell River Hawks,0,0,,,,,False,Levien Gymnasium,columbia::umasslowellriver,73a95ea45ed7e35aae6e62bdfd607ec6,FanDuel,spreads,full_game,2025-11-14 00:00:00+00:00,2025-11-13 17:50:14+00:00,Columbia Lions,UMass Lowell River Hawks,,,-13.5,-105.0,13.5,-115.0,,,,2025-11-14,1
401818368,2025,2025-11-13,2025-11-14 00:00:00+00:00,Columbia Lions,UMass Lowell River Hawks,0,0,,,,,False,Levien Gymnasium,columbia::umasslowellriver,73a95ea45ed7e35aae6e62bdfd607ec6,FanDuel,totals,full_game,2025-11-14 00:00:00+00:00,2025-11-13 17:50:14+00:00,Columbia Lions,UMass Lowell River Hawks,,,,,,,156.5,-110.0,-110.0,2025-11-14,1
401818368,2025,2025-11-13,2025-11-14 00:00:00+00:00,Columbia Lions,UMass Lowell River Hawks,0,0,,,,,False,Levien Gymnasium,columbia::umasslowellriver,73a95ea45ed7e35aae6e62bdfd607ec6,Fanatics,h2h,2h,2025-11-14 00:00:00+00:00,2025-11-13 17:51:39+00:00,Columbia Lions,UMass Lowell River Hawks,-1100.0,700.0,,,,,,,,2025-11-14,1
401818368,2025,2025-11-13,2025-11-14 00:00:00+00:00,Columbia Lions,UMass Lowell River Hawks,0,0,,,,,False,Levien Gymnasium,columbia::umasslowellriver,73a95ea45ed7e35aae6e62bdfd607ec6,Fanatics,spreads,full_game,2025-11-14 00:00:00+00:00,2025-11-13 17:51:39+00:00,Columbia Lions,UMass Lowell River Hawks,,,-13.5,-110.0,13.5,-110.0,,,,2025-11-14,1
401818368,2025,2025-11-13,2025-11-14 00:00:00+00:00,Columbia Lions,UMass Lowell River Hawks,0,0,,,,,False,Levien Gymnasium,columbia::umasslowellriver,73a95ea45ed7e35aae6e62bdfd607ec6,Fanatics,totals,full_game,2025-11-14 00:00:00+00:00,2025-11-13 17:51:39+00:00,Columbia Lions,UMass Lowell River Hawks,,,,,,,156.5,-110.0,-110.0,2025-11-14,1
401818368,2025,2025-11-13,2025-11-14 00:00:00+00:00,Columbia Lions,UMass Lowell River Hawks,0,0,,,,,False,Levien Gymnasium,columbia::umasslowellriver,73a95ea45ed7e35aae6e62bdfd607ec6,LowVig.ag,spreads,full_game,2025-11-14 00:00:00+00:00,2025-11-13 17:51:40+00:00,Columbia Lions,UMass Lowell River Hawks,,,-13.5,-108.0,13.5,-104.0,,,,2025-11-14,1
401818368,2025,2025-11-13,2025-11-14 00:00:00+00:00,Columbia Lions,UMass Lowell River Hawks,0,0,,,,,False,Levien Gymnasium,columbia::umasslowellriver,73a95ea45ed7e35aae6e62bdfd607ec6,LowVig.ag,totals,full_game,2025-11-14 00:00:00+00:00,2025-11-13 17:51:40+00:00,Columbia Lions,UMass Lowell River Hawks,,,,,,,155.5,-124.0,106.0,2025-11-14,1
401820839,2025,2025-11-13,2025-11-14 01:00:00+00:00,Alabama A&M Bulldogs,Charleston Southern Buccaneers,0,0,,,,,False,Event Center,alabamaaandm::charlestonsouthern,9223faafcfdc9a252d20333bbe28ef06,BetMGM,h2h,2h,2025-11-14 01:00:00+00:00,2025-11-13 17:51:40+00:00,Alabama A&M Bulldogs,Charleston Southern Buccaneers,-130.0,105.0,,,,,,,,2025-11-14,1
401820839,2025,2025-11-13,2025-11-14 01:00:00+00:00,Alabama A&M Bulldogs,Charleston Southern Buccaneers,0,0,,,,,False,Event Center,alabamaaandm::charlestonsouthern,9223faafcfdc9a252d20333bbe28ef06,BetMGM,totals,full_game,2025-11-14 01:00:00+00:00,2025-11-13 17:51:40+00:00,Alabama A&M Bulldogs,Charleston Southern Buccaneers,,,,,,,153.5,-110.0,-110.0,2025-11-14,1
401820839,2025,2025-11-13,2025-11-14 01:00:00+00:00,Alabama A&M Bulldogs,Charleston Southern Buccaneers,0,0,,,,,False,Event Center,alabamaaandm::charlestonsouthern,9223faafcfdc9a252d20333bbe28ef06,BetOnline.ag,spreads,full_game,2025-11-14 01:00:00+00:00,2025-11-13 17:51:16+00:00,Alabama A&M Bulldogs,Charleston Southern Buccaneers,,,-1.0,-125.0,1.0,105.0,,,,2025-11-14,1
401820839,2025,2025-11-13,2025-11-14 01:00:00+00:00,Alabama A&M Bulldogs,Charleston Southern Buccaneers,0,0,,,,,False,Event Center,alabamaaandm::charlestonsouthern,9223faafcfdc9a252d20333bbe28ef06,BetOnline.ag,totals,full_game,2025-11-14 01:00:00+00:00,2025-11-13 17:51:16+00:00,Alabama A&M Bulldogs,Charleston Southern Buccaneers,,,,,,,153.5,-110.0,-110.0,2025-11-14,1
401820839,2025,2025-11-13,2025-11-14 01:00:00+00:00,Alabama A&M Bulldogs,Charleston Southern Buccaneers,0,0,,,,,False,Event Center,alabamaaandm::charlestonsouthern,9223faafcfdc9a252d20333bbe28ef06,BetRivers,h2h,2h,2025-11-14 01:00:00+00:00,2025-11-13 17:51:40+00:00,Alabama A&M Bulldogs,Charleston Southern Buccaneers,-130.0,104.0,,,,,,,,2025-11-14,1
401820839,2025,2025-11-13,2025-11-14 01:00:00+00:00,Alabama A&M Bulldogs,Charleston Southern Buccaneers,0,0,,,,,False,Event Center,alabamaaandm::charlestonsouthern,9223faafcfdc9a252d20333bbe28ef06,BetRivers,spreads,full_game,2025-11-14 01:00:00+00:00,2025-11-13 17:51:40+00:00,Alabama A&M Bulldogs,Charleston Southern Buccaneers,,,-2.0,-109.0,2.0,-114.0,,,,2025-11-14,1
401820839,2025,2025-11-13,2025-11-14 01:00:00+00:00,Alabama A&M Bulldogs,Charleston Southern Buccaneers,0,0,,,,,False,Event Center,alabamaaandm::charlestonsouthern,9223faafcfdc9a252d20333bbe28ef06,BetRivers,totals,full_game,2025-11-14 01:00:00+00:00,2025-11-13 17:51:40+00:00,Alabama A&M Bulldogs,Charleston Southern Buccaneers,,,,,,,153.5,-112.0,-112.0,2025-11-14,1
401820839,2025,2025-11-13,2025-11-14 01:00:00+00:00,Alabama A&M Bulldogs,Charleston Southern Buccaneers,0,0,,,,,False,Event Center,alabamaaandm::charlestonsouthern,9223faafcfdc9a252d20333bbe28ef06,Bovada,h2h,2h,2025-11-14 01:00:00+00:00,2025-11-13 17:51:58+00:00,Alabama A&M Bulldogs,Charleston Southern Buccaneers,-125.0,105.0,,,,,,,,2025-11-14,1
401820839,2025,2025-11-13,2025-11-14 01:00:00+00:00,Alabama A&M Bulldogs,Charleston Southern Buccaneers,0,0,,,,,False,Event Center,alabamaaandm::charlestonsouthern,9223faafcfdc9a252d20333bbe28ef06,Bovada,spreads,full_game,2025-11-14 01:00:00+00:00,2025-11-13 17:51:58+00:00,Alabama A&M Bulldogs,Charleston Southern Buccaneers,,,-1.5,-110.0,1.5,-110.0,,,,2025-11-14,1
401820839,2025,2025-11-13,2025-11-14 01:00:00+00:00,Alabama A&M Bulldogs,Charleston Southern Buccaneers,0,0,,,,,False,Event Center,alabamaaandm::charlestonsouthern,9223faafcfdc9a252d20333bbe28ef06,Bovada,totals,full_game,2025-11-14 01:00:00+00:00,2025-11-13 17:51:58+00:00,Alabama A&M Bulldogs,Charleston Southern Buccaneers,,,,,,,153.5,-110.0,-110.0,2025-11-14,1
401820839,2025,2025-11-13,2025-11-14 01:00:00+00:00,Alabama A&M Bulldogs,Charleston Southern Buccaneers,0,0,,,,,False,Event Center,alabamaaandm::charlestonsouthern,9223faafcfdc9a252d20333bbe28ef06,Caesars,h2h,2h,2025-11-14 01:00:00+00:00,2025-11-13 17:51:07+00:00,Alabama A&M Bulldogs,Charleston Southern Buccaneers,-125.0,105.0,,,,,,,,2025-11-14,1
401820839,2025,2025-11-13,2025-11-14 01:00:00+00:00,Alabama A&M Bulldogs,Charleston Southern Buccaneers,0,0,,,,,False,Event Center,alabamaaandm::charlestonsouthern,9223faafcfdc9a252d20333bbe28ef06,Caesars,spreads,full_game,2025-11-14 01:00:00+00:00,2025-11-13 17:51:07+00:00,Alabama A&M Bulldogs,Charleston Southern Buccaneers,,,-1.5,-110.0,1.5,-110.0,,,,2025-11-14,1
401820839,2025,2025-11-13,2025-11-14 01:00:00+00:00,Alabama A&M Bulldogs,Charleston Southern Buccaneers,0,0,,,,,False,Event Center,alabamaaandm::charlestonsouthern,9223faafcfdc9a252d20333bbe28ef06,Caesars,totals,full_game,2025-11-14 01:00:00+00:00,2025-11-13 17:51:07+00:00,Alabama A&M Bulldogs,Charleston Southern Buccaneers,,,,,,,153.5,-110.0,-110.0,2025-11-14,1
401820839,2025,2025-11-13,2025-11-14 01:00:00+00:00,Alabama A&M Bulldogs,Charleston Southern Buccaneers,0,0,,,,,False,Event Center,alabamaaandm::charlestonsouthern,9223faafcfdc9a252d20333bbe28ef06,DraftKings,h2h,2h,2025-11-14 01:00:00+00:00,2025-11-13 17:51:39+00:00,Alabama A&M Bulldogs,Charleston Southern Buccaneers,-122.0,102.0,,,,,,,,2025-11-14,1
401820839,2025,2025-11-13,2025-11-14 01:00:00+00:00,Alabama A&M Bulldogs,Charleston Southern Buccaneers,0,0,,,,,False,Event Center,alabamaaandm::charlestonsouthern,9223faafcfdc9a252d20333bbe28ef06,DraftKings,spreads,full_game,2025-11-14 01:00:00+00:00,2025-11-13 17:51:39+00:00,Alabama A&M Bulldogs,Charleston Southern Buccaneers,,,-1.5,-115.0,1.5,-105.0,,,,2025-11-14,1
401820839,2025,2025-11-13,2025-11-14 01:00:00+00:00,Alabama A&M Bulldogs,Charleston Southern Buccaneers,0,0,,,,,False,Event Center,alabamaaandm::charlestonsouthern,9223faafcfdc9a252d20333bbe28ef06,DraftKings,totals,full_game,2025-11-14 01:00:00+00:00,2025-11-13 17:51:39+00:00,Alabama A&M Bulldogs,Charleston Southern Buccaneers,,,,,,,153.5,-110.0,-110.0,2025-11-14,1
401820839,2025,2025-11-13,2025-11-14 01:00:00+00:00,Alabama A&M Bulldogs,Charleston Southern Buccaneers,0,0,,,,,False,Event Center,alabamaaandm::charlestonsouthern,9223faafcfdc9a252d20333bbe28ef06,FanDuel,h2h,2h,2025-11-14 01:00:00+00:00,2025-11-13 17:50:14+00:00,Alabama A&M Bulldogs,Charleston Southern Buccaneers,-142.0,118.0,,,,,,,,2025-11-14,1
401820839,2025,2025-11-13,2025-11-14 01:00:00+00:00,Alabama A&M Bulldogs,Charleston Southern Buccaneers,0,0,,,,,False,Event Center,alabamaaandm::charlestonsouthern,9223faafcfdc9a252d20333bbe28ef06,FanDuel,spreads,full_game,2025-11-14 01:00:00+00:00,2025-11-13 17:50:14+00:00,Alabama A&M Bulldogs,Charleston Southern Buccaneers,,,-1.5,-120.0,1.5,-102.0,,,,2025-11-14,1
401820839,2025,2025-11-13,2025-11-14 01:00:00+00:00,Alabama A&M Bulldogs,Charleston Southern Buccaneers,0,0,,,,,False,Event Center,alabamaaandm::charlestonsouthern,9223faafcfdc9a252d20333bbe28ef06,FanDuel,totals,full_game,2025-11-14 01:00:00+00:00,2025-11-13 17:50:14+00:00,Alabama A&M Bulldogs,Charleston Southern Buccaneers,,,,,,,153.5,-110.0,-110.0,2025-11-14,1
401820839,2025,2025-11-13,2025-11-14 01:00:00+00:00,Alabama A&M Bulldogs,Charleston Southern Buccaneers,0,0,,,,,False,Event Center,alabamaaandm::charlestonsouthern,9223faafcfdc9a252d20333bbe28ef06,Fanatics,h2h,2h,2025-11-14 01:00:00+00:00,2025-11-13 17:51:39+00:00,Alabama A&M Bulldogs,Charleston Southern Buccaneers,-120.0,100.0,,,,,,,,2025-11-14,1
401820839,2025,2025-11-13,2025-11-14 01:00:00+00:00,Alabama A&M Bulldogs,Charleston Southern Buccaneers,0,0,,,,,False,Event Center,alabamaaandm::charlestonsouthern,9223faafcfdc9a252d20333bbe28ef06,Fanatics,spreads,full_game,2025-11-14 01:00:00+00:00,2025-11-13 17:51:39+00:00,Alabama A&M Bulldogs,Charleston Southern Buccaneers,,,-1.5,-110.0,1.5,-110.0,,,,2025-11-14,1
401820839,2025,2025-11-13,2025-11-14 01:00:00+00:00,Alabama A&M Bulldogs,Charleston Southern Buccaneers,0,0,,,,,False,Event Center,alabamaaandm::charlestonsouthern,9223faafcfdc9a252d20333bbe28ef06,Fanatics,totals,full_game,2025-11-14 01:00:00+00:00,2025-11-13 17:51:39+00:00,Alabama A&M Bulldogs,Charleston Southern Buccaneers,,,,,,,153.5,-110.0,-110.0,2025-11-14,1
401820839,2025,2025-11-13,2025-11-14 01:00:00+00:00,Alabama A&M Bulldogs,Charleston Southern Buccaneers,0,0,,,,,False,Event Center,alabamaaandm::charlestonsouthern,9223faafcfdc9a252d20333bbe28ef06,LowVig.ag,spreads,full_game,2025-11-14 01:00:00+00:00,2025-11-13 17:51:40+00:00,Alabama A&M Bulldogs,Charleston Southern Buccaneers,,,-1.0,-122.0,1.0,109.0,,,,2025-11-14,1
401820839,2025,2025-11-13,2025-11-14 01:00:00+00:00,Alabama A&M Bulldogs,Charleston Southern Buccaneers,0,0,,,,,False,Event Center,alabamaaandm::charlestonsouthern,9223faafcfdc9a252d20333bbe28ef06,LowVig.ag,totals,full_game,2025-11-14 01:00:00+00:00,2025-11-13 17:51:40+00:00,Alabama A&M Bulldogs,Charleston Southern Buccaneers,,,,,,,153.5,-108.0,-108.0,2025-11-14,1
401824861,2025,2025-11-13,2025-11-14 00:00:00+00:00,Seton Hall Pirates,Monmouth Hawks,0,0,,,,,False,Prudential Center,monmouth::setonhall,6c7ab38bcd8984fadf9d2e07cb2025dc,BetMGM,h2h,2h,2025-11-14 00:00:00+00:00,2025-11-13 17:51:39+00:00,Seton Hall Pirates,Monmouth Hawks,-1400.0,800.0,,,,,,,,2025-11-14,1
401824861,2025,2025-11-13,2025-11-14 00:00:00+00:00,Seton Hall Pirates,Monmouth Hawks,0,0,,,,,False,Prudential Center,monmouth::setonhall,6c7ab38bcd8984fadf9d2e07cb2025dc,BetMGM,spreads,full_game,2025-11-14 00:00:00+00:00,2025-11-13 17:51:39+00:00,Seton Hall Pirates,Monmouth Hawks,,,-14.5,-110.0,14.5,-110.0,,,,2025-11-14,1
401824861,2025,2025-11-13,2025-11-14 00:00:00+00:00,Seton Hall Pirates,Monmouth Hawks,0,0,,,,,False,Prudential Center,monmouth::setonhall,6c7ab38bcd8984fadf9d2e07cb2025dc,BetMGM,totals,full_game,2025-11-14 00:00:00+00:00,2025-11-13 17:51:39+00:00,Seton Hall Pirates,Monmouth Hawks,,,,,,,136.5,-110.0,-110.0,2025-11-14,1
401824861,2025,2025-11-13,2025-11-14 00:00:00+00:00,Seton Hall Pirates,Monmouth Hawks,0,0,,,,,False,Prudential Center,monmouth::setonhall,6c7ab38bcd8984fadf9d2e07cb2025dc,BetOnline.ag,h2h,2h,2025-11-14 00:00:00+00:00,2025-11-13 17:51:16+00:00,Seton Hall Pirates,Monmouth Hawks,-1300.0,795.0,,,,,,,,2025-11-14,1
401824861,2025,2025-11-13,2025-11-14 00:00:00+00:00,Seton Hall Pirates,Monmouth Hawks,0,0,,,,,False,Prudential Center,monmouth::setonhall,6c7ab38bcd8984fadf9d2e07cb2025dc,BetOnline.ag,spreads,full_game,2025-11-14 00:00:00+00:00,2025-11-13 17:51:16+00:00,Seton Hall Pirates,Monmouth Hawks,,,-14.5,-115.0,14.5,-105.0,,,,2025-11-14,1
401824861,2025,2025-11-13,2025-11-14 00:00:00+00:00,Seton Hall Pirates,Monmouth Hawks,0,0,,,,,False,Prudential Center,monmouth::setonhall,6c7ab38bcd8984fadf9d2e07cb2025dc,BetOnline.ag,totals,full_game,2025-11-14 00:00:00+00:00,2025-11-13 17:51:16+00:00,Seton Hall Pirates,Monmouth Hawks,,,,,,,137.5,-102.0,-118.0,2025-11-14,1
401824861,2025,2025-11-13,2025-11-14 00:00:00+00:00,Seton Hall Pirates,Monmouth Hawks,0,0,,,,,False,Prudential Center,monmouth::setonhall,6c7ab38bcd8984fadf9d2e07cb2025dc,BetRivers,h2h,2h,2025-11-14 00:00:00+00:00,2025-11-13 17:51:40+00:00,Seton Hall Pirates,Monmouth Hawks,-1250.0,700.0,,,,,,,,2025-11-14,1
401824861,2025,2025-11-13,2025-11-14 00:00:00+00:00,Seton Hall Pirates,Monmouth Hawks,0,0,,,,,False,Prudential Center,monmouth::setonhall,6c7ab38bcd8984fadf9d2e07cb2025dc,BetRivers,spreads,full_game,2025-11-14 00:00:00+00:00,2025-11-13 17:51:40+00:00,Seton Hall Pirates,Monmouth Hawks,,,-14.5,-114.0,14.5,-109.0,,,,2025-11-14,1
401824861,2025,2025-11-13,2025-11-14 00:00:00+00:00,Seton Hall Pirates,Monmouth Hawks,0,0,,,,,False,Prudential Center,monmouth::setonhall,6c7ab38bcd8984fadf9d2e07cb2025dc,BetRivers,totals,full_game,2025-11-14 00:00:00+00:00,2025-11-13 17:51:40+00:00,Seton Hall Pirates,Monmouth Hawks,,,,,,,137.5,-110.0,-113.0,2025-11-14,1
401824861,2025,2025-11-13,2025-11-14 00:00:00+00:00,Seton Hall Pirates,Monmouth Hawks,0,0,,,,,False,Prudential Center,monmouth::setonhall,6c7ab38bcd8984fadf9d2e07cb2025dc,BetUS,h2h,2h,2025-11-14 00:00:00+00:00,2025-11-13 17:51:52+00:00,Seton Hall Pirates,Monmouth Hawks,-1300.0,780.0,,,,,,,,2025-11-14,1
401824861,2025,2025-11-13,2025-11-14 00:00:00+00:00,Seton Hall Pirates,Monmouth Hawks,0,0,,,,,False,Prudential Center,monmouth::setonhall,6c7ab38bcd8984fadf9d2e07cb2025dc,BetUS,spreads,full_game,2025-11-14 00:00:00+00:00,2025-11-13 17:51:52+00:00,Seton Hall Pirates,Monmouth Hawks,,,-14.5,-110.0,14.5,-110.0,,,,2025-11-14,1
401824861,2025,2025-11-13,2025-11-14 00:00:00+00:00,Seton Hall Pirates,Monmouth Hawks,0,0,,,,,False,Prudential Center,monmouth::setonhall,6c7ab38bcd8984fadf9d2e07cb2025dc,BetUS,totals,full_game,2025-11-14 00:00:00+00:00,2025-11-13 17:51:52+00:00,Seton Hall Pirates,Monmouth Hawks,,,,,,,137.0,-110.0,-110.0,2025-11-14,1
401824861,2025,2025-11-13,2025-11-14 00:00:00+00:00,Seton Hall Pirates,Monmouth Hawks,0,0,,,,,False,Prudential Center,monmouth::setonhall,6c7ab38bcd8984fadf9d2e07cb2025dc,Bovada,h2h,2h,2025-11-14 00:00:00+00:00,2025-11-13 17:51:58+00:00,Seton Hall Pirates,Monmouth Hawks,-1300.0,725.0,,,,,,,,2025-11-14,1
401824861,2025,2025-11-13,2025-11-14 00:00:00+00:00,Seton Hall Pirates,Monmouth Hawks,0,0,,,,,False,Prudential Center,monmouth::setonhall,6c7ab38bcd8984fadf9d2e07cb2025dc,Bovada,spreads,full_game,2025-11-14 00:00:00+00:00,2025-11-13 17:51:58+00:00,Seton Hall Pirates,Monmouth Hawks,,,-15.0,-110.0,15.0,-110.0,,,,2025-11-14,1
401824861,2025,2025-11-13,2025-11-14 00:00:00+00:00,Seton Hall Pirates,Monmouth Hawks,0,0,,,,,False,Prudential Center,monmouth::setonhall,6c7ab38bcd8984fadf9d2e07cb2025dc,Bovada,totals,full_game,2025-11-14 00:00:00+00:00,2025-11-13 17:51:58+00:00,Seton Hall Pirates,Monmouth Hawks,,,,,,,137.0,-110.0,-110.0,2025-11-14,1
401824861,2025,2025-11-13,2025-11-14 00:00:00+00:00,Seton Hall Pirates,Monmouth Hawks,0,0,,,,,False,Prudential Center,monmouth::setonhall,6c7ab38bcd8984fadf9d2e07cb2025dc,Caesars,h2h,2h,2025-11-14 00:00:00+00:00,2025-11-13 17:51:07+00:00,Seton Hall Pirates,Monmouth Hawks,-1400.0,800.0,,,,,,,,2025-11-14,1
401824861,2025,2025-11-13,2025-11-14 00:00:00+00:00,Seton Hall Pirates,Monmouth Hawks,0,0,,,,,False,Prudential Center,monmouth::setonhall,6c7ab38bcd8984fadf9d2e07cb2025dc,Caesars,spreads,full_game,2025-11-14 00:00:00+00:00,2025-11-13 17:51:07+00:00,Seton Hall Pirates,Monmouth Hawks,,,-14.5,-110.0,14.5,-110.0,,,,2025-11-14,1
401824861,2025,2025-11-13,2025-11-14 00:00:00+00:00,Seton Hall Pirates,Monmouth Hawks,0,0,,,,,False,Prudential Center,monmouth::setonhall,6c7ab38bcd8984fadf9d2e07cb2025dc,Caesars,totals,full_game,2025-11-14 00:00:00+00:00,2025-11-13 17:51:07+00:00,Seton Hall Pirates,Monmouth Hawks,,,,,,,137.5,-110.0,-110.0,2025-11-14,1
401824861,2025,2025-11-13,2025-11-14 00:00:00+00:00,Seton Hall Pirates,Monmouth Hawks,0,0,,,,,False,Prudential Center,monmouth::setonhall,6c7ab38bcd8984fadf9d2e07cb2025dc,DraftKings,h2h,2h,2025-11-14 00:00:00+00:00,2025-11-13 17:51:39+00:00,Seton Hall Pirates,Monmouth Hawks,-1350.0,800.0,,,,,,,,2025-11-14,1
401824861,2025,2025-11-13,2025-11-14 00:00:00+00:00,Seton Hall Pirates,Monmouth Hawks,0,0,,,,,False,Prudential Center,monmouth::setonhall,6c7ab38bcd8984fadf9d2e07cb2025dc,DraftKings,spreads,full_game,2025-11-14 00:00:00+00:00,2025-11-13 17:51:39+00:00,Seton Hall Pirates,Monmouth Hawks,,,-14.5,-110.0,14.5,-110.0,,,,2025-11-14,1
401824861,2025,2025-11-13,2025-11-14 00:00:00+00:00,Seton Hall Pirates,Monmouth Hawks,0,0,,,,,False,Prudential Center,monmouth::setonhall,6c7ab38bcd8984fadf9d2e07cb2025dc,DraftKings,totals,full_game,2025-11-14 00:00:00+00:00,2025-11-13 17:51:39+00:00,Seton Hall Pirates,Monmouth Hawks,,,,,,,137.5,-105.0,-115.0,2025-11-14,1
401824861,2025,2025-11-13,2025-11-14 00:00:00+00:00,Seton Hall Pirates,Monmouth Hawks,0,0,,,,,False,Prudential Center,monmouth::setonhall,6c7ab38bcd8984fadf9d2e07cb2025dc,FanDuel,h2h,2h,2025-11-14 00:00:00+00:00,2025-11-13 17:50:14+00:00,Seton Hall Pirates,Monmouth Hawks,-1600.0,860.0,,,,,,,,2025-11-14,1
401824861,2025,2025-11-13,2025-11-14 00:00:00+00:00,Seton Hall Pirates,Monmouth Hawks,0,0,,,,,False,Prudential Center,monmouth::setonhall,6c7ab38bcd8984fadf9d2e07cb2025dc,FanDuel,spreads,full_game,2025-11-14 00:00:00+00:00,2025-11-13 17:50:14+00:00,Seton Hall Pirates,Monmouth Hawks,,,-14.5,-105.0,14.5,-115.0,,,,2025-11-14,1
401824861,2025,2025-11-13,2025-11-14 00:00:00+00:00,Seton Hall Pirates,Monmouth Hawks,0,0,,,,,False,Prudential Center,monmouth::setonhall,6c7ab38bcd8984fadf9d2e07cb2025dc,FanDuel,totals,full_game,2025-11-14 00:00:00+00:00,2025-11-13 17:50:14+00:00,Seton Hall Pirates,Monmouth Hawks,,,,,,,137.5,-115.0,-105.0,2025-11-14,1
401824861,2025,2025-11-13,2025-11-14 00:00:00+00:00,Seton Hall Pirates,Monmouth Hawks,0,0,,,,,False,Prudential Center,monmouth::setonhall,6c7ab38bcd8984fadf9d2e07cb2025dc,Fanatics,h2h,2h,2025-11-14 00:00:00+00:00,2025-11-13 17:51:39+00:00,Seton Hall Pirates,Monmouth Hawks,-1300.0,800.0,,,,,,,,2025-11-14,1
401824861,2025,2025-11-13,2025-11-14 00:00:00+00:00,Seton Hall Pirates,Monmouth Hawks,0,0,,,,,False,Prudential Center,monmouth::setonhall,6c7ab38bcd8984fadf9d2e07cb2025dc,Fanatics,spreads,full_game,2025-11-14 00:00:00+00:00,2025-11-13 17:51:39+00:00,Seton Hall Pirates,Monmouth Hawks,,,-14.0,-110.0,14.0,-110.0,,,,2025-11-14,1
401824861,2025,2025-11-13,2025-11-14 00:00:00+00:00,Seton Hall Pirates,Monmouth Hawks,0,0,,,,,False,Prudential Center,monmouth::setonhall,6c7ab38bcd8984fadf9d2e07cb2025dc,Fanatics,totals,full_game,2025-11-14 00:00:00+00:00,2025-11-13 17:51:39+00:00,Seton Hall Pirates,Monmouth Hawks,,,,,,,137.5,-110.0,-110.0,2025-11-14,1
401824861,2025,2025-11-13,2025-11-14 00:00:00+00:00,Seton Hall Pirates,Monmouth Hawks,0,0,,,,,False,Prudential Center,monmouth::setonhall,6c7ab38bcd8984fadf9d2e07cb2025dc,LowVig.ag,h2h,2h,2025-11-14 00:00:00+00:00,2025-11-13 17:51:40+00:00,Seton Hall Pirates,Monmouth Hawks,-1300.0,795.0,,,,,,,,2025-11-14,1
401824861,2025,2025-11-13,2025-11-14 00:00:00+00:00,Seton Hall Pirates,Monmouth Hawks,0,0,,,,,False,Prudential Center,monmouth::setonhall,6c7ab38bcd8984fadf9d2e07cb2025dc,LowVig.ag,spreads,full_game,2025-11-14 00:00:00+00:00,2025-11-13 17:51:40+00:00,Seton Hall Pirates,Monmouth Hawks,,,-14.5,-111.0,14.5,-101.0,,,,2025-11-14,1
401824861,2025,2025-11-13,2025-11-14 00:00:00+00:00,Seton Hall Pirates,Monmouth Hawks,0,0,,,,,False,Prudential Center,monmouth::setonhall,6c7ab38bcd8984fadf9d2e07cb2025dc,LowVig.ag,totals,full_game,2025-11-14 00:00:00+00:00,2025-11-13 17:51:40+00:00,Seton Hall Pirates,Monmouth Hawks,,,,,,,137.5,100.0,-117.0,2025-11-14,1
401826856,2025,2025-11-13,2025-11-14 00:00:00+00:00,Massachusetts Minutemen,Le Moyne Dolphins,0,0,,,,,False,Mullins Center,lemoyne::massachusetts,701cb10a4d0ca62b2c95e42c3d8e9083,BetMGM,h2h,2h,2025-11-14 00:00:00+00:00,2025-11-13 17:51:40+00:00,Massachusetts Minutemen,Le Moyne Dolphins,-1600.0,850.0,,,,,,,,2025-11-14,1
401826856,2025,2025-11-13,2025-11-14 00:00:00+00:00,Massachusetts Minutemen,Le Moyne Dolphins,0,0,,,,,False,Mullins Center,lemoyne::massachusetts,701cb10a4d0ca62b2c95e42c3d8e9083,BetMGM,spreads,full_game,2025-11-14 00:00:00+00:00,2025-11-13 17:51:40+00:00,Massachusetts Minutemen,Le Moyne Dolphins,,,-15.5,-105.0,15.5,-115.0,,,,2025-11-14,1
401826856,2025,2025-11-13,2025-11-14 00:00:00+00:00,Massachusetts Minutemen,Le Moyne Dolphins,0,0,,,,,False,Mullins Center,lemoyne::massachusetts,701cb10a4d0ca62b2c95e42c3d8e9083,BetMGM,totals,full_game,2025-11-14 00:00:00+00:00,2025-11-13 17:51:40+00:00,Massachusetts Minutemen,Le Moyne Dolphins,,,,,,,154.5,-110.0,-110.0,2025-11-14,1
401826856,2025,2025-11-13,2025-11-14 00:00:00+00:00,Massachusetts Minutemen,Le Moyne Dolphins,0,0,,,,,False,Mullins Center,lemoyne::massachusetts,701cb10a4d0ca62b2c95e42c3d8e9083,BetOnline.ag,spreads,full_game,2025-11-14 00:00:00+00:00,2025-11-13 17:51:16+00:00,Massachusetts Minutemen,Le Moyne Dolphins,,,-15.0,-110.0,15.0,-110.0,,,,2025-11-14,1
401826856,2025,2025-11-13,2025-11-14 00:00:00+00:00,Massachusetts Minutemen,Le Moyne Dolphins,0,0,,,,,False,Mullins Center,lemoyne::massachusetts,701cb10a4d0ca62b2c95e42c3d8e9083,BetOnline.ag,totals,full_game,2025-11-14 00:00:00+00:00,2025-11-13 17:51:16+00:00,Massachusetts Minutemen,Le Moyne Dolphins,,,,,,,155.0,100.0,-120.0,2025-11-14,1
401826856,2025,2025-11-13,2025-11-14 00:00:00+00:00,Massachusetts Minutemen,Le Moyne Dolphins,0,0,,,,,False,Mullins Center,lemoyne::massachusetts,701cb10a4d0ca62b2c95e42c3d8e9083,Bovada,h2h,2h,2025-11-14 00:00:00+00:00,2025-11-13 17:51:58+00:00,Massachusetts Minutemen,Le Moyne Dolphins,-1800.0,850.0,,,,,,,,2025-11-14,1
401826856,2025,2025-11-13,2025-11-14 00:00:00+00:00,Massachusetts Minutemen,Le Moyne Dolphins,0,0,,,,,False,Mullins Center,lemoyne::massachusetts,701cb10a4d0ca62b2c95e42c3d8e9083,Bovada,spreads,full_game,2025-11-14 00:00:00+00:00,2025-11-13 17:51:58+00:00,Massachusetts Minutemen,Le Moyne Dolphins,,,-15.5,-110.0,15.5,-110.0,,,,2025-11-14,1
401826856,2025,2025-11-13,2025-11-14 00:00:00+00:00,Massachusetts Minutemen,Le Moyne Dolphins,0,0,,,,,False,Mullins Center,lemoyne::massachusetts,701cb10a4d0ca62b2c95e42c3d8e9083,Bovada,totals,full_game,2025-11-14 00:00:00+00:00,2025-11-13 17:51:58+00:00,Massachusetts Minutemen,Le Moyne Dolphins,,,,,,,155.0,-110.0,-110.0,2025-11-14,1
401826856,2025,2025-11-13,2025-11-14 00:00:00+00:00,Massachusetts Minutemen,Le Moyne Dolphins,0,0,,,,,False,Mullins Center,lemoyne::massachusetts,701cb10a4d0ca62b2c95e42c3d8e9083,Caesars,h2h,2h,2025-11-14 00:00:00+00:00,2025-11-13 17:51:07+00:00,Massachusetts Minutemen,Le Moyne Dolphins,-1600.0,900.0,,,,,,,,2025-11-14,1
401826856,2025,2025-11-13,2025-11-14 00:00:00+00:00,Massachusetts Minutemen,Le Moyne Dolphins,0,0,,,,,False,Mullins Center,lemoyne::massachusetts,701cb10a4d0ca62b2c95e42c3d8e9083,Caesars,spreads,full_game,2025-11-14 00:00:00+00:00,2025-11-13 17:51:07+00:00,Massachusetts Minutemen,Le Moyne Dolphins,,,-15.0,-110.0,15.0,-110.0,,,,2025-11-14,1
401826856,2025,2025-11-13,2025-11-14 00:00:00+00:00,Massachusetts Minutemen,Le Moyne Dolphins,0,0,,,,,False,Mullins Center,lemoyne::massachusetts,701cb10a4d0ca62b2c95e42c3d8e9083,Caesars,totals,full_game,2025-11-14 00:00:00+00:00,2025-11-13 17:51:07+00:00,Massachusetts Minutemen,Le Moyne Dolphins,,,,,,,155.0,-110.0,-110.0,2025-11-14,1
401826856,2025,2025-11-13,2025-11-14 00:00:00+00:00,Massachusetts Minutemen,Le Moyne Dolphins,0,0,,,,,False,Mullins Center,lemoyne::massachusetts,701cb10a4d0ca62b2c95e42c3d8e9083,DraftKings,h2h,2h,2025-11-14 00:00:00+00:00,2025-11-13 17:51:39+00:00,Massachusetts Minutemen,Le Moyne Dolphins,-1600.0,900.0,,,,,,,,2025-11-14,1
401826856,2025,2025-11-13,2025-11-14 00:00:00+00:00,Massachusetts Minutemen,Le Moyne Dolphins,0,0,,,,,False,Mullins Center,lemoyne::massachusetts,701cb10a4d0ca62b2c95e42c3d8e9083,DraftKings,spreads,full_game,2025-11-14 00:00:00+00:00,2025-11-13 17:51:39+00:00,Massachusetts Minutemen,Le Moyne Dolphins,,,-15.5,100.0,15.5,-120.0,,,,2025-11-14,1
401826856,2025,2025-11-13,2025-11-14 00:00:00+00:00,Massachusetts Minutemen,Le Moyne Dolphins,0,0,,,,,False,Mullins Center,lemoyne::massachusetts,701cb10a4d0ca62b2c95e42c3d8e9083,DraftKings,totals,full_game,2025-11-14 00:00:00+00:00,2025-11-13 17:51:39+00:00,Massachusetts Minutemen,Le Moyne Dolphins,,,,,,,155.5,-108.0,-112.0,2025-11-14,1
401826856,2025,2025-11-13,2025-11-14 00:00:00+00:00,Massachusetts Minutemen,Le Moyne Dolphins,0,0,,,,,False,Mullins Center,lemoyne::massachusetts,701cb10a4d0ca62b2c95e42c3d8e9083,FanDuel,h2h,2h,2025-11-14 00:00:00+00:00,2025-11-13 17:50:14+00:00,Massachusetts Minutemen,Le Moyne Dolphins,-1600.0,860.0,,,,,,,,2025-11-14,1
401826856,2025,2025-11-13,2025-11-14 00:00:00+00:00,Massachusetts Minutemen,Le Moyne Dolphins,0,0,,,,,False,Mullins Center,lemoyne::massachusetts,701cb10a4d0ca62b2c95e42c3d8e9083,FanDuel,spreads,full_game,2025-11-14 00:00:00+00:00,2025-11-13 17:50:14+00:00,Massachusetts Minutemen,Le Moyne Dolphins,,,-14.5,-115.0,14.5,-105.0,,,,2025-11-14,1
401826856,2025,2025-11-13,2025-11-14 00:00:00+00:00,Massachusetts Minutemen,Le Moyne Dolphins,0,0,,,,,False,Mullins Center,lemoyne::massachusetts,701cb10a4d0ca62b2c95e42c3d8e9083,FanDuel,totals,full_game,2025-11-14 00:00:00+00:00,2025-11-13 17:50:14+00:00,Massachusetts Minutemen,Le Moyne Dolphins,,,,,,,155.5,-110.0,-110.0,2025-11-14,1
401826856,2025,2025-11-13,2025-11-14 00:00:00+00:00,Massachusetts Minutemen,Le Moyne Dolphins,0,0,,,,,False,Mullins Center,lemoyne::massachusetts,701cb10a4d0ca62b2c95e42c3d8e9083,Fanatics,h2h,2h,2025-11-14 00:00:00+00:00,2025-11-13 17:51:39+00:00,Massachusetts Minutemen,Le Moyne Dolphins,-1300.0,800.0,,,,,,,,2025-11-14,1
401826856,2025,2025-11-13,2025-11-14 00:00:00+00:00,Massachusetts Minutemen,Le Moyne Dolphins,0,0,,,,,False,Mullins Center,lemoyne::massachusetts,701cb10a4d0ca62b2c95e42c3d8e9083,Fanatics,spreads,full_game,2025-11-14 00:00:00+00:00,2025-11-13 17:51:39+00:00,Massachusetts Minutemen,Le Moyne Dolphins,,,-15.0,-110.0,15.0,-110.0,,,,2025-11-14,1
401826856,2025,2025-11-13,2025-11-14 00:00:00+00:00,Massachusetts Minutemen,Le Moyne Dolphins,0,0,,,,,False,Mullins Center,lemoyne::massachusetts,701cb10a4d0ca62b2c95e42c3d8e9083,Fanatics,totals,full_game,2025-11-14 00:00:00+00:00,2025-11-13 17:51:39+00:00,Massachusetts Minutemen,Le Moyne Dolphins,,,,,,,156.0,-110.0,-110.0,2025-11-14,1
401826856,2025,2025-11-13,2025-11-14 00:00:00+00:00,Massachusetts Minutemen,Le Moyne Dolphins,0,0,,,,,False,Mullins Center,lemoyne::massachusetts,701cb10a4d0ca62b2c95e42c3d8e9083,LowVig.ag,spreads,full_game,2025-11-14 00:00:00+00:00,2025-11-13 17:51:40+00:00,Massachusetts Minutemen,Le Moyne Dolphins,,,-15.0,-106.0,15.0,-106.0,,,,2025-11-14,1
401826856,2025,2025-11-13,2025-11-14 00:00:00+00:00,Massachusetts Minutemen,Le Moyne Dolphins,0,0,,,,,False,Mullins Center,lemoyne::massachusetts,701cb10a4d0ca62b2c95e42c3d8e9083,LowVig.ag,totals,full_game,2025-11-14 00:00:00+00:00,2025-11-13 17:51:40+00:00,Massachusetts Minutemen,Le Moyne Dolphins,,,,,,,155.0,102.0,-119.0,2025-11-14,1
401827220,2025,2025-11-13,2025-11-13 23:30:00+00:00,Michigan State Spartans,San Jos State Spartans,0,0,,,,,False,Breslin Center,michiganstate::sanjosestate,f7a7356bff634ec37cdcb79c90343dbd,BetMGM,h2h,2h,2025-11-13 23:30:00+00:00,2025-11-13 17:51:39+00:00,Michigan St Spartans,San Jos St Spartans,-10000.0,2800.0,,,,,,,,2025-11-13,0
401827220,2025,2025-11-13,2025-11-13 23:30:00+00:00,Michigan State Spartans,San Jos State Spartans,0,0,,,,,False,Breslin Center,michiganstate::sanjosestate,f7a7356bff634ec37cdcb79c90343dbd,BetMGM,spreads,full_game,2025-11-13 23:30:00+00:00,2025-11-13 17:51:39+00:00,Michigan St Spartans,San Jos St Spartans,,,-24.5,-105.0,24.5,-115.0,,,,2025-11-13,0
401827220,2025,2025-11-13,2025-11-13 23:30:00+00:00,Michigan State Spartans,San Jos State Spartans,0,0,,,,,False,Breslin Center,michiganstate::sanjosestate,f7a7356bff634ec37cdcb79c90343dbd,BetMGM,totals,full_game,2025-11-13 23:30:00+00:00,2025-11-13 17:51:39+00:00,Michigan St Spartans,San Jos St Spartans,,,,,,,141.5,-105.0,-115.0,2025-11-13,0
401827220,2025,2025-11-13,2025-11-13 23:30:00+00:00,Michigan State Spartans,San Jos State Spartans,0,0,,,,,False,Breslin Center,michiganstate::sanjosestate,f7a7356bff634ec37cdcb79c90343dbd,BetOnline.ag,spreads,full_game,2025-11-13 23:30:00+00:00,2025-11-13 17:51:16+00:00,Michigan St Spartans,San Jos St Spartans,,,-24.0,-110.0,24.0,-110.0,,,,2025-11-13,0
401827220,2025,2025-11-13,2025-11-13 23:30:00+00:00,Michigan State Spartans,San Jos State Spartans,0,0,,,,,False,Breslin Center,michiganstate::sanjosestate,f7a7356bff634ec37cdcb79c90343dbd,BetOnline.ag,totals,full_game,2025-11-13 23:30:00+00:00,2025-11-13 17:51:16+00:00,Michigan St Spartans,San Jos St Spartans,,,,,,,141.0,-110.0,-110.0,2025-11-13,0
401827220,2025,2025-11-13,2025-11-13 23:30:00+00:00,Michigan State Spartans,San Jos State Spartans,0,0,,,,,False,Breslin Center,michiganstate::sanjosestate,f7a7356bff634ec37cdcb79c90343dbd,BetRivers,spreads,full_game,2025-11-13 23:30:00+00:00,2025-11-13 17:51:40+00:00,Michigan St Spartans,San Jos St Spartans,,,-24.0,-110.0,24.0,-113.0,,,,2025-11-13,0
401827220,2025,2025-11-13,2025-11-13 23:30:00+00:00,Michigan State Spartans,San Jos State Spartans,0,0,,,,,False,Breslin Center,michiganstate::sanjosestate,f7a7356bff634ec37cdcb79c90343dbd,BetRivers,totals,full_game,2025-11-13 23:30:00+00:00,2025-11-13 17:51:40+00:00,Michigan St Spartans,San Jos St Spartans,,,,,,,142.0,-110.0,-112.0,2025-11-13,0
401827220,2025,2025-11-13,2025-11-13 23:30:00+00:00,Michigan State Spartans,San Jos State Spartans,0,0,,,,,False,Breslin Center,michiganstate::sanjosestate,f7a7356bff634ec37cdcb79c90343dbd,BetUS,spreads,full_game,2025-11-13 23:30:00+00:00,2025-11-13 17:51:52+00:00,Michigan St Spartans,San Jos St Spartans,,,-24.5,-110.0,24.5,-110.0,,,,2025-11-13,0
401827220,2025,2025-11-13,2025-11-13 23:30:00+00:00,Michigan State Spartans,San Jos State Spartans,0,0,,,,,False,Breslin Center,michiganstate::sanjosestate,f7a7356bff634ec37cdcb79c90343dbd,BetUS,totals,full_game,2025-11-13 23:30:00+00:00,2025-11-13 17:51:52+00:00,Michigan St Spartans,San Jos St Spartans,,,,,,,141.5,-110.0,-110.0,2025-11-13,0
401827220,2025,2025-11-13,2025-11-13 23:30:00+00:00,Michigan State Spartans,San Jos State Spartans,0,0,,,,,False,Breslin Center,michiganstate::sanjosestate,f7a7356bff634ec37cdcb79c90343dbd,Bovada,spreads,full_game,2025-11-13 23:30:00+00:00,2025-11-13 17:51:58+00:00,Michigan St Spartans,San Jos St Spartans,,,-24.5,-110.0,24.5,-110.0,,,,2025-11-13,0
401827220,2025,2025-11-13,2025-11-13 23:30:00+00:00,Michigan State Spartans,San Jos State Spartans,0,0,,,,,False,Breslin Center,michiganstate::sanjosestate,f7a7356bff634ec37cdcb79c90343dbd,Bovada,totals,full_game,2025-11-13 23:30:00+00:00,2025-11-13 17:51:58+00:00,Michigan St Spartans,San Jos St Spartans,,,,,,,140.5,-115.0,-105.0,2025-11-13,0
401827220,2025,2025-11-13,2025-11-13 23:30:00+00:00,Michigan State Spartans,San Jos State Spartans,0,0,,,,,False,Breslin Center,michiganstate::sanjosestate,f7a7356bff634ec37cdcb79c90343dbd,Caesars,spreads,full_game,2025-11-13 23:30:00+00:00,2025-11-13 17:51:07+00:00,Michigan St Spartans,San Jos St Spartans,,,-24.5,-110.0,24.5,-110.0,,,,2025-11-13,0
401827220,2025,2025-11-13,2025-11-13 23:30:00+00:00,Michigan State Spartans,San Jos State Spartans,0,0,,,,,False,Breslin Center,michiganstate::sanjosestate,f7a7356bff634ec37cdcb79c90343dbd,Caesars,totals,full_game,2025-11-13 23:30:00+00:00,2025-11-13 17:51:07+00:00,Michigan St Spartans,San Jos St Spartans,,,,,,,141.0,-110.0,-110.0,2025-11-13,0
401827220,2025,2025-11-13,2025-11-13 23:30:00+00:00,Michigan State Spartans,San Jos State Spartans,0,0,,,,,False,Breslin Center,michiganstate::sanjosestate,f7a7356bff634ec37cdcb79c90343dbd,DraftKings,h2h,2h,2025-11-13 23:30:00+00:00,2025-11-13 17:51:39+00:00,Michigan St Spartans,San Jos St Spartans,-6500.0,2000.0,,,,,,,,2025-11-13,0
401827220,2025,2025-11-13,2025-11-13 23:30:00+00:00,Michigan State Spartans,San Jos State Spartans,0,0,,,,,False,Breslin Center,michiganstate::sanjosestate,f7a7356bff634ec37cdcb79c90343dbd,DraftKings,spreads,full_game,2025-11-13 23:30:00+00:00,2025-11-13 17:51:39+00:00,Michigan St Spartans,San Jos St Spartans,,,-24.5,-110.0,24.5,-110.0,,,,2025-11-13,0
401827220,2025,2025-11-13,2025-11-13 23:30:00+00:00,Michigan State Spartans,San Jos State Spartans,0,0,,,,,False,Breslin Center,michiganstate::sanjosestate,f7a7356bff634ec37cdcb79c90343dbd,DraftKings,totals,full_game,2025-11-13 23:30:00+00:00,2025-11-13 17:51:39+00:00,Michigan St Spartans,San Jos St Spartans,,,,,,,141.5,-105.0,-115.0,2025-11-13,0
401827220,2025,2025-11-13,2025-11-13 23:30:00+00:00,Michigan State Spartans,San Jos State Spartans,0,0,,,,,False,Breslin Center,michiganstate::sanjosestate,f7a7356bff634ec37cdcb79c90343dbd,FanDuel,h2h,2h,2025-11-13 23:30:00+00:00,2025-11-13 17:50:14+00:00,Michigan St Spartans,San Jos St Spartans,-10000.0,2500.0,,,,,,,,2025-11-13,0
401827220,2025,2025-11-13,2025-11-13 23:30:00+00:00,Michigan State Spartans,San Jos State Spartans,0,0,,,,,False,Breslin Center,michiganstate::sanjosestate,f7a7356bff634ec37cdcb79c90343dbd,FanDuel,spreads,full_game,2025-11-13 23:30:00+00:00,2025-11-13 17:50:14+00:00,Michigan St Spartans,San Jos St Spartans,,,-24.5,-102.0,24.5,-120.0,,,,2025-11-13,0
401827220,2025,2025-11-13,2025-11-13 23:30:00+00:00,Michigan State Spartans,San Jos State Spartans,0,0,,,,,False,Breslin Center,michiganstate::sanjosestate,f7a7356bff634ec37cdcb79c90343dbd,FanDuel,totals,full_game,2025-11-13 23:30:00+00:00,2025-11-13 17:50:14+00:00,Michigan St Spartans,San Jos St Spartans,,,,,,,141.5,-110.0,-110.0,2025-11-13,0
401827220,2025,2025-11-13,2025-11-13 23:30:00+00:00,Michigan State Spartans,San Jos State Spartans,0,0,,,,,False,Breslin Center,michiganstate::sanjosestate,f7a7356bff634ec37cdcb79c90343dbd,Fanatics,h2h,2h,2025-11-13 23:30:00+00:00,2025-11-13 17:51:39+00:00,Michigan St Spartans,San Jos St Spartans,-10000.0,2500.0,,,,,,,,2025-11-13,0
401827220,2025,2025-11-13,2025-11-13 23:30:00+00:00,Michigan State Spartans,San Jos State Spartans,0,0,,,,,False,Breslin Center,michiganstate::sanjosestate,f7a7356bff634ec37cdcb79c90343dbd,Fanatics,spreads,full_game,2025-11-13 23:30:00+00:00,2025-11-13 17:51:39+00:00,Michigan St Spartans,San Jos St Spartans,,,-24.5,-110.0,24.5,-110.0,,,,2025-11-13,0
401827220,2025,2025-11-13,2025-11-13 23:30:00+00:00,Michigan State Spartans,San Jos State Spartans,0,0,,,,,False,Breslin Center,michiganstate::sanjosestate,f7a7356bff634ec37cdcb79c90343dbd,Fanatics,totals,full_game,2025-11-13 23:30:00+00:00,2025-11-13 17:51:39+00:00,Michigan St Spartans,San Jos St Spartans,,,,,,,142.0,-110.0,-110.0,2025-11-13,0
401827220,2025,2025-11-13,2025-11-13 23:30:00+00:00,Michigan State Spartans,San Jos State Spartans,0,0,,,,,False,Breslin Center,michiganstate::sanjosestate,f7a7356bff634ec37cdcb79c90343dbd,LowVig.ag,spreads,full_game,2025-11-13 23:30:00+00:00,2025-11-13 17:51:40+00:00,Michigan St Spartans,San Jos St Spartans,,,-24.0,-106.0,24.0,-106.0,,,,2025-11-13,0
401827220,2025,2025-11-13,2025-11-13 23:30:00+00:00,Michigan State Spartans,San Jos State Spartans,0,0,,,,,False,Breslin Center,michiganstate::sanjosestate,f7a7356bff634ec37cdcb79c90343dbd,LowVig.ag,totals,full_game,2025-11-13 23:30:00+00:00,2025-11-13 17:51:40+00:00,Michigan St Spartans,San Jos St Spartans,,,,,,,141.0,-108.0,-108.0,2025-11-13,0
401828331,2025,2025-11-13,2025-11-14 01:00:00+00:00,Houston Christian Huskies,UL Monroe Warhawks,0,0,,,,,False,Sharp Gymnasium,houstonchristian::ulmonroewarhawks,e037db43b84cdde4013943a17de72fe9,BetMGM,h2h,2h,2025-11-14 01:00:00+00:00,2025-11-13 17:51:40+00:00,Houston Christian Huskies,UL Monroe Warhawks,-450.0,340.0,,,,,,,,2025-11-14,1
401828331,2025,2025-11-13,2025-11-14 01:00:00+00:00,Houston Christian Huskies,UL Monroe Warhawks,0,0,,,,,False,Sharp Gymnasium,houstonchristian::ulmonroewarhawks,e037db43b84cdde4013943a17de72fe9,BetMGM,spreads,full_game,2025-11-14 01:00:00+00:00,2025-11-13 17:51:40+00:00,Houston Christian Huskies,UL Monroe Warhawks,,,-9.5,-105.0,9.5,-115.0,,,,2025-11-14,1
401828331,2025,2025-11-13,2025-11-14 01:00:00+00:00,Houston Christian Huskies,UL Monroe Warhawks,0,0,,,,,False,Sharp Gymnasium,houstonchristian::ulmonroewarhawks,e037db43b84cdde4013943a17de72fe9,BetMGM,totals,full_game,2025-11-14 01:00:00+00:00,2025-11-13 17:51:40+00:00,Houston Christian Huskies,UL Monroe Warhawks,,,,,,,144.5,-105.0,-115.0,2025-11-14,1
401828331,2025,2025-11-13,2025-11-14 01:00:00+00:00,Houston Christian Huskies,UL Monroe Warhawks,0,0,,,,,False,Sharp Gymnasium,houstonchristian::ulmonroewarhawks,e037db43b84cdde4013943a17de72fe9,BetOnline.ag,spreads,full_game,2025-11-14 01:00:00+00:00,2025-11-13 17:51:16+00:00,Houston Christian Huskies,UL Monroe Warhawks,,,-9.0,-105.0,9.0,-115.0,,,,2025-11-14,1
401828331,2025,2025-11-13,2025-11-14 01:00:00+00:00,Houston Christian Huskies,UL Monroe Warhawks,0,0,,,,,False,Sharp Gymnasium,houstonchristian::ulmonroewarhawks,e037db43b84cdde4013943a17de72fe9,BetOnline.ag,totals,full_game,2025-11-14 01:00:00+00:00,2025-11-13 17:51:16+00:00,Houston Christian Huskies,UL Monroe Warhawks,,,,,,,143.5,-120.0,100.0,2025-11-14,1
401828331,2025,2025-11-13,2025-11-14 01:00:00+00:00,Houston Christian Huskies,UL Monroe Warhawks,0,0,,,,,False,Sharp Gymnasium,houstonchristian::ulmonroewarhawks,e037db43b84cdde4013943a17de72fe9,BetRivers,h2h,2h,2025-11-14 01:00:00+00:00,2025-11-13 17:51:40+00:00,Houston Christian Huskies,UL Monroe Warhawks,-480.0,320.0,,,,,,,,2025-11-14,1
401828331,2025,2025-11-13,2025-11-14 01:00:00+00:00,Houston Christian Huskies,UL Monroe Warhawks,0,0,,,,,False,Sharp Gymnasium,houstonchristian::ulmonroewarhawks,e037db43b84cdde4013943a17de72fe9,BetRivers,spreads,full_game,2025-11-14 01:00:00+00:00,2025-11-13 17:51:40+00:00,Houston Christian Huskies,UL Monroe Warhawks,,,-9.0,-113.0,9.0,-110.0,,,,2025-11-14,1
401828331,2025,2025-11-13,2025-11-14 01:00:00+00:00,Houston Christian Huskies,UL Monroe Warhawks,0,0,,,,,False,Sharp Gymnasium,houstonchristian::ulmonroewarhawks,e037db43b84cdde4013943a17de72fe9,BetRivers,totals,full_game,2025-11-14 01:00:00+00:00,2025-11-13 17:51:40+00:00,Houston Christian Huskies,UL Monroe Warhawks,,,,,,,144.0,-113.0,-110.0,2025-11-14,1
401828331,2025,2025-11-13,2025-11-14 01:00:00+00:00,Houston Christian Huskies,UL Monroe Warhawks,0,0,,,,,False,Sharp Gymnasium,houstonchristian::ulmonroewarhawks,e037db43b84cdde4013943a17de72fe9,Bovada,h2h,2h,2025-11-14 01:00:00+00:00,2025-11-13 17:51:58+00:00,Houston Christian Huskies,UL Monroe Warhawks,-430.0,320.0,,,,,,,,2025-11-14,1
401828331,2025,2025-11-13,2025-11-14 01:00:00+00:00,Houston Christian Huskies,UL Monroe Warhawks,0,0,,,,,False,Sharp Gymnasium,houstonchristian::ulmonroewarhawks,e037db43b84cdde4013943a17de72fe9,Bovada,spreads,full_game,2025-11-14 01:00:00+00:00,2025-11-13 17:51:58+00:00,Houston Christian Huskies,UL Monroe Warhawks,,,-8.5,-110.0,8.5,-110.0,,,,2025-11-14,1
401828331,2025,2025-11-13,2025-11-14 01:00:00+00:00,Houston Christian Huskies,UL Monroe Warhawks,0,0,,,,,False,Sharp Gymnasium,houstonchristian::ulmonroewarhawks,e037db43b84cdde4013943a17de72fe9,Bovada,totals,full_game,2025-11-14 01:00:00+00:00,2025-11-13 17:51:58+00:00,Houston Christian Huskies,UL Monroe Warhawks,,,,,,,143.5,-115.0,-105.0,2025-11-14,1
401828331,2025,2025-11-13,2025-11-14 01:00:00+00:00,Houston Christian Huskies,UL Monroe Warhawks,0,0,,,,,False,Sharp Gymnasium,houstonchristian::ulmonroewarhawks,e037db43b84cdde4013943a17de72fe9,Caesars,h2h,2h,2025-11-14 01:00:00+00:00,2025-11-13 17:51:07+00:00,Houston Christian Huskies,UL Monroe Warhawks,-480.0,360.0,,,,,,,,2025-11-14,1
401828331,2025,2025-11-13,2025-11-14 01:00:00+00:00,Houston Christian Huskies,UL Monroe Warhawks,0,0,,,,,False,Sharp Gymnasium,houstonchristian::ulmonroewarhawks,e037db43b84cdde4013943a17de72fe9,Caesars,spreads,full_game,2025-11-14 01:00:00+00:00,2025-11-13 17:51:07+00:00,Houston Christian Huskies,UL Monroe Warhawks,,,-9.0,-110.0,9.0,-110.0,,,,2025-11-14,1
401828331,2025,2025-11-13,2025-11-14 01:00:00+00:00,Houston Christian Huskies,UL Monroe Warhawks,0,0,,,,,False,Sharp Gymnasium,houstonchristian::ulmonroewarhawks,e037db43b84cdde4013943a17de72fe9,Caesars,totals,full_game,2025-11-14 01:00:00+00:00,2025-11-13 17:51:07+00:00,Houston Christian Huskies,UL Monroe Warhawks,,,,,,,144.0,-110.0,-110.0,2025-11-14,1
401828331,2025,2025-11-13,2025-11-14 01:00:00+00:00,Houston Christian Huskies,UL Monroe Warhawks,0,0,,,,,False,Sharp Gymnasium,houstonchristian::ulmonroewarhawks,e037db43b84cdde4013943a17de72fe9,DraftKings,h2h,2h,2025-11-14 01:00:00+00:00,2025-11-13 17:51:39+00:00,Houston Christian Huskies,UL Monroe Warhawks,-470.0,360.0,,,,,,,,2025-11-14,1
401828331,2025,2025-11-13,2025-11-14 01:00:00+00:00,Houston Christian Huskies,UL Monroe Warhawks,0,0,,,,,False,Sharp Gymnasium,houstonchristian::ulmonroewarhawks,e037db43b84cdde4013943a17de72fe9,DraftKings,spreads,full_game,2025-11-14 01:00:00+00:00,2025-11-13 17:51:39+00:00,Houston Christian Huskies,UL Monroe Warhawks,,,-9.5,-105.0,9.5,-115.0,,,,2025-11-14,1
401828331,2025,2025-11-13,2025-11-14 01:00:00+00:00,Houston Christian Huskies,UL Monroe Warhawks,0,0,,,,,False,Sharp Gymnasium,houstonchristian::ulmonroewarhawks,e037db43b84cdde4013943a17de72fe9,DraftKings,totals,full_game,2025-11-14 01:00:00+00:00,2025-11-13 17:51:39+00:00,Houston Christian Huskies,UL Monroe Warhawks,,,,,,,144.5,-105.0,-115.0,2025-11-14,1
401828331,2025,2025-11-13,2025-11-14 01:00:00+00:00,Houston Christian Huskies,UL Monroe Warhawks,0,0,,,,,False,Sharp Gymnasium,houstonchristian::ulmonroewarhawks,e037db43b84cdde4013943a17de72fe9,FanDuel,h2h,2h,2025-11-14 01:00:00+00:00,2025-11-13 17:50:14+00:00,Houston Christian Huskies,UL Monroe Warhawks,-520.0,385.0,,,,,,,,2025-11-14,1
401828331,2025,2025-11-13,2025-11-14 01:00:00+00:00,Houston Christian Huskies,UL Monroe Warhawks,0,0,,,,,False,Sharp Gymnasium,houstonchristian::ulmonroewarhawks,e037db43b84cdde4013943a17de72fe9,FanDuel,spreads,full_game,2025-11-14 01:00:00+00:00,2025-11-13 17:50:14+00:00,Houston Christian Huskies,UL Monroe Warhawks,,,-8.5,-120.0,8.5,-102.0,,,,2025-11-14,1
401828331,2025,2025-11-13,2025-11-14 01:00:00+00:00,Houston Christian Huskies,UL Monroe Warhawks,0,0,,,,,False,Sharp Gymnasium,houstonchristian::ulmonroewarhawks,e037db43b84cdde4013943a17de72fe9,FanDuel,totals,full_game,2025-11-14 01:00:00+00:00,2025-11-13 17:50:14+00:00,Houston Christian Huskies,UL Monroe Warhawks,,,,,,,144.5,-115.0,-105.0,2025-11-14,1
401828331,2025,2025-11-13,2025-11-14 01:00:00+00:00,Houston Christian Huskies,UL Monroe Warhawks,0,0,,,,,False,Sharp Gymnasium,houstonchristian::ulmonroewarhawks,e037db43b84cdde4013943a17de72fe9,Fanatics,h2h,2h,2025-11-14 01:00:00+00:00,2025-11-13 17:51:39+00:00,Houston Christian Huskies,UL Monroe Warhawks,-500.0,375.0,,,,,,,,2025-11-14,1
401828331,2025,2025-11-13,2025-11-14 01:00:00+00:00,Houston Christian Huskies,UL Monroe Warhawks,0,0,,,,,False,Sharp Gymnasium,houstonchristian::ulmonroewarhawks,e037db43b84cdde4013943a17de72fe9,Fanatics,spreads,full_game,2025-11-14 01:00:00+00:00,2025-11-13 17:51:39+00:00,Houston Christian Huskies,UL Monroe Warhawks,,,-9.5,-110.0,9.5,-110.0,,,,2025-11-14,1
401828331,2025,2025-11-13,2025-11-14 01:00:00+00:00,Houston Christian Huskies,UL Monroe Warhawks,0,0,,,,,False,Sharp Gymnasium,houstonchristian::ulmonroewarhawks,e037db43b84cdde4013943a17de72fe9,Fanatics,totals,full_game,2025-11-14 01:00:00+00:00,2025-11-13 17:51:39+00:00,Houston Christian Huskies,UL Monroe Warhawks,,,,,,,143.5,-110.0,-110.0,2025-11-14,1
401828331,2025,2025-11-13,2025-11-14 01:00:00+00:00,Houston Christian Huskies,UL Monroe Warhawks,0,0,,,,,False,Sharp Gymnasium,houstonchristian::ulmonroewarhawks,e037db43b84cdde4013943a17de72fe9,LowVig.ag,spreads,full_game,2025-11-14 01:00:00+00:00,2025-11-13 17:51:40+00:00,Houston Christian Huskies,UL Monroe Warhawks,,,-9.0,-101.0,9.0,-111.0,,,,2025-11-14,1
401828331,2025,2025-11-13,2025-11-14 01:00:00+00:00,Houston Christian Huskies,UL Monroe Warhawks,0,0,,,,,False,Sharp Gymnasium,houstonchristian::ulmonroewarhawks,e037db43b84cdde4013943a17de72fe9,LowVig.ag,totals,full_game,2025-11-14 01:00:00+00:00,2025-11-13 17:51:40+00:00,Houston Christian Huskies,UL Monroe Warhawks,,,,,,,143.5,-119.0,102.0,2025-11-14,1
401829413,2025,2025-11-13,2025-11-13 23:00:00+00:00,Lafayette Leopards,Cornell Big Red,0,0,,,,,False,Kirby Sports Center,cornellbigred::lafayette,2e1d0eb524a1bf49df19aa170a6ea42d,BetMGM,h2h,2h,2025-11-13 23:00:00+00:00,2025-11-13 17:51:39+00:00,Lafayette Leopards,Cornell Big Red,165.0,-200.0,,,,,,,,2025-11-13,0
401829413,2025,2025-11-13,2025-11-13 23:00:00+00:00,Lafayette Leopards,Cornell Big Red,0,0,,,,,False,Kirby Sports Center,cornellbigred::lafayette,2e1d0eb524a1bf49df19aa170a6ea42d,BetMGM,spreads,full_game,2025-11-13 23:00:00+00:00,2025-11-13 17:51:39+00:00,Lafayette Leopards,Cornell Big Red,,,4.5,-110.0,-4.5,-110.0,,,,2025-11-13,0
401829413,2025,2025-11-13,2025-11-13 23:00:00+00:00,Lafayette Leopards,Cornell Big Red,0,0,,,,,False,Kirby Sports Center,cornellbigred::lafayette,2e1d0eb524a1bf49df19aa170a6ea42d,BetMGM,totals,full_game,2025-11-13 23:00:00+00:00,2025-11-13 17:51:39+00:00,Lafayette Leopards,Cornell Big Red,,,,,,,159.5,-115.0,-105.0,2025-11-13,0
401829413,2025,2025-11-13,2025-11-13 23:00:00+00:00,Lafayette Leopards,Cornell Big Red,0,0,,,,,False,Kirby Sports Center,cornellbigred::lafayette,2e1d0eb524a1bf49df19aa170a6ea42d,BetOnline.ag,spreads,full_game,2025-11-13 23:00:00+00:00,2025-11-13 17:51:16+00:00,Lafayette Leopards,Cornell Big Red,,,4.5,-115.0,-4.5,-105.0,,,,2025-11-13,0
401829413,2025,2025-11-13,2025-11-13 23:00:00+00:00,Lafayette Leopards,Cornell Big Red,0,0,,,,,False,Kirby Sports Center,cornellbigred::lafayette,2e1d0eb524a1bf49df19aa170a6ea42d,BetOnline.ag,totals,full_game,2025-11-13 23:00:00+00:00,2025-11-13 17:51:16+00:00,Lafayette Leopards,Cornell Big Red,,,,,,,159.5,-118.0,-102.0,2025-11-13,0
401829413,2025,2025-11-13,2025-11-13 23:00:00+00:00,Lafayette Leopards,Cornell Big Red,0,0,,,,,False,Kirby Sports Center,cornellbigred::lafayette,2e1d0eb524a1bf49df19aa170a6ea42d,BetRivers,h2h,2h,2025-11-13 23:00:00+00:00,2025-11-13 17:51:40+00:00,Lafayette Leopards,Cornell Big Red,160.0,-215.0,,,,,,,,2025-11-13,0
401829413,2025,2025-11-13,2025-11-13 23:00:00+00:00,Lafayette Leopards,Cornell Big Red,0,0,,,,,False,Kirby Sports Center,cornellbigred::lafayette,2e1d0eb524a1bf49df19aa170a6ea42d,BetRivers,spreads,full_game,2025-11-13 23:00:00+00:00,2025-11-13 17:51:40+00:00,Lafayette Leopards,Cornell Big Red,,,4.5,-109.0,-4.5,-114.0,,,,2025-11-13,0
401829413,2025,2025-11-13,2025-11-13 23:00:00+00:00,Lafayette Leopards,Cornell Big Red,0,0,,,,,False,Kirby Sports Center,cornellbigred::lafayette,2e1d0eb524a1bf49df19aa170a6ea42d,BetRivers,totals,full_game,2025-11-13 23:00:00+00:00,2025-11-13 17:51:40+00:00,Lafayette Leopards,Cornell Big Red,,,,,,,158.5,-110.0,-113.0,2025-11-13,0
401829413,2025,2025-11-13,2025-11-13 23:00:00+00:00,Lafayette Leopards,Cornell Big Red,0,0,,,,,False,Kirby Sports Center,cornellbigred::lafayette,2e1d0eb524a1bf49df19aa170a6ea42d,Bovada,h2h,2h,2025-11-13 23:00:00+00:00,2025-11-13 17:51:58+00:00,Lafayette Leopards,Cornell Big Red,180.0,-220.0,,,,,,,,2025-11-13,0
401829413,2025,2025-11-13,2025-11-13 23:00:00+00:00,Lafayette Leopards,Cornell Big Red,0,0,,,,,False,Kirby Sports Center,cornellbigred::lafayette,2e1d0eb524a1bf49df19aa170a6ea42d,Bovada,spreads,full_game,2025-11-13 23:00:00+00:00,2025-11-13 17:51:58+00:00,Lafayette Leopards,Cornell Big Red,,,5.0,-110.0,-5.0,-110.0,,,,2025-11-13,0
401829413,2025,2025-11-13,2025-11-13 23:00:00+00:00,Lafayette Leopards,Cornell Big Red,0,0,,,,,False,Kirby Sports Center,cornellbigred::lafayette,2e1d0eb524a1bf49df19aa170a6ea42d,Bovada,totals,full_game,2025-11-13 23:00:00+00:00,2025-11-13 17:51:58+00:00,Lafayette Leopards,Cornell Big Red,,,,,,,158.5,-110.0,-110.0,2025-11-13,0
401829413,2025,2025-11-13,2025-11-13 23:00:00+00:00,Lafayette Leopards,Cornell Big Red,0,0,,,,,False,Kirby Sports Center,cornellbigred::lafayette,2e1d0eb524a1bf49df19aa170a6ea42d,Caesars,h2h,2h,2025-11-13 23:00:00+00:00,2025-11-13 17:51:07+00:00,Lafayette Leopards,Cornell Big Red,170.0,-205.0,,,,,,,,2025-11-13,0
401829413,2025,2025-11-13,2025-11-13 23:00:00+00:00,Lafayette Leopards,Cornell Big Red,0,0,,,,,False,Kirby Sports Center,cornellbigred::lafayette,2e1d0eb524a1bf49df19aa170a6ea42d,Caesars,spreads,full_game,2025-11-13 23:00:00+00:00,2025-11-13 17:51:07+00:00,Lafayette Leopards,Cornell Big Red,,,4.5,-110.0,-4.5,-110.0,,,,2025-11-13,0
401829413,2025,2025-11-13,2025-11-13 23:00:00+00:00,Lafayette Leopards,Cornell Big Red,0,0,,,,,False,Kirby Sports Center,cornellbigred::lafayette,2e1d0eb524a1bf49df19aa170a6ea42d,Caesars,totals,full_game,2025-11-13 23:00:00+00:00,2025-11-13 17:51:07+00:00,Lafayette Leopards,Cornell Big Red,,,,,,,159.5,-110.0,-110.0,2025-11-13,0
401829413,2025,2025-11-13,2025-11-13 23:00:00+00:00,Lafayette Leopards,Cornell Big Red,0,0,,,,,False,Kirby Sports Center,cornellbigred::lafayette,2e1d0eb524a1bf49df19aa170a6ea42d,DraftKings,h2h,2h,2025-11-13 23:00:00+00:00,2025-11-13 17:51:39+00:00,Lafayette Leopards,Cornell Big Red,170.0,-205.0,,,,,,,,2025-11-13,0
401829413,2025,2025-11-13,2025-11-13 23:00:00+00:00,Lafayette Leopards,Cornell Big Red,0,0,,,,,False,Kirby Sports Center,cornellbigred::lafayette,2e1d0eb524a1bf49df19aa170a6ea42d,DraftKings,spreads,full_game,2025-11-13 23:00:00+00:00,2025-11-13 17:51:39+00:00,Lafayette Leopards,Cornell Big Red,,,4.5,-110.0,-4.5,-110.0,,,,2025-11-13,0
401829413,2025,2025-11-13,2025-11-13 23:00:00+00:00,Lafayette Leopards,Cornell Big Red,0,0,,,,,False,Kirby Sports Center,cornellbigred::lafayette,2e1d0eb524a1bf49df19aa170a6ea42d,DraftKings,totals,full_game,2025-11-13 23:00:00+00:00,2025-11-13 17:51:39+00:00,Lafayette Leopards,Cornell Big Red,,,,,,,159.5,-112.0,-108.0,2025-11-13,0
401829413,2025,2025-11-13,2025-11-13 23:00:00+00:00,Lafayette Leopards,Cornell Big Red,0,0,,,,,False,Kirby Sports Center,cornellbigred::lafayette,2e1d0eb524a1bf49df19aa170a6ea42d,FanDuel,h2h,2h,2025-11-13 23:00:00+00:00,2025-11-13 17:50:14+00:00,Lafayette Leopards,Cornell Big Red,190.0,-235.0,,,,,,,,2025-11-13,0
401829413,2025,2025-11-13,2025-11-13 23:00:00+00:00,Lafayette Leopards,Cornell Big Red,0,0,,,,,False,Kirby Sports Center,cornellbigred::lafayette,2e1d0eb524a1bf49df19aa170a6ea42d,FanDuel,spreads,full_game,2025-11-13 23:00:00+00:00,2025-11-13 17:50:14+00:00,Lafayette Leopards,Cornell Big Red,,,5.5,-120.0,-5.5,-102.0,,,,2025-11-13,0
401829413,2025,2025-11-13,2025-11-13 23:00:00+00:00,Lafayette Leopards,Cornell Big Red,0,0,,,,,False,Kirby Sports Center,cornellbigred::lafayette,2e1d0eb524a1bf49df19aa170a6ea42d,FanDuel,totals,full_game,2025-11-13 23:00:00+00:00,2025-11-13 17:50:14+00:00,Lafayette Leopards,Cornell Big Red,,,,,,,158.5,-115.0,-105.0,2025-11-13,0
401829413,2025,2025-11-13,2025-11-13 23:00:00+00:00,Lafayette Leopards,Cornell Big Red,0,0,,,,,False,Kirby Sports Center,cornellbigred::lafayette,2e1d0eb524a1bf49df19aa170a6ea42d,Fanatics,h2h,2h,2025-11-13 23:00:00+00:00,2025-11-13 17:51:39+00:00,Lafayette Leopards,Cornell Big Red,175.0,-210.0,,,,,,,,2025-11-13,0
401829413,2025,2025-11-13,2025-11-13 23:00:00+00:00,Lafayette Leopards,Cornell Big Red,0,0,,,,,False,Kirby Sports Center,cornellbigred::lafayette,2e1d0eb524a1bf49df19aa170a6ea42d,Fanatics,spreads,full_game,2025-11-13 23:00:00+00:00,2025-11-13 17:51:39+00:00,Lafayette Leopards,Cornell Big Red,,,5.0,-110.0,-5.0,-110.0,,,,2025-11-13,0
401829413,2025,2025-11-13,2025-11-13 23:00:00+00:00,Lafayette Leopards,Cornell Big Red,0,0,,,,,False,Kirby Sports Center,cornellbigred::lafayette,2e1d0eb524a1bf49df19aa170a6ea42d,Fanatics,totals,full_game,2025-11-13 23:00:00+00:00,2025-11-13 17:51:39+00:00,Lafayette Leopards,Cornell Big Red,,,,,,,158.0,-110.0,-110.0,2025-11-13,0
401829413,2025,2025-11-13,2025-11-13 23:00:00+00:00,Lafayette Leopards,Cornell Big Red,0,0,,,,,False,Kirby Sports Center,cornellbigred::lafayette,2e1d0eb524a1bf49df19aa170a6ea42d,LowVig.ag,spreads,full_game,2025-11-13 23:00:00+00:00,2025-11-13 17:51:40+00:00,Lafayette Leopards,Cornell Big Red,,,4.5,-111.0,-4.5,-101.0,,,,2025-11-13,0
401829413,2025,2025-11-13,2025-11-13 23:00:00+00:00,Lafayette Leopards,Cornell Big Red,0,0,,,,,False,Kirby Sports Center,cornellbigred::lafayette,2e1d0eb524a1bf49df19aa170a6ea42d,LowVig.ag,totals,full_game,2025-11-13 23:00:00+00:00,2025-11-13 17:51:40+00:00,Lafayette Leopards,Cornell Big Red,,,,,,,159.5,-117.0,100.0,2025-11-13,0
401829686,2025,2025-11-13,2025-11-14 00:00:00+00:00,Howard Bison,Alcorn State Braves,0,0,,,,,False,Burr Gymnasium,alcornstate::howard,ec88803a00c93f370ddee747b6a5ddae,BetMGM,h2h,2h,2025-11-14 00:00:00+00:00,2025-11-13 17:51:39+00:00,Howard Bison,Alcorn St Braves,-325.0,260.0,,,,,,,,2025-11-14,1
401829686,2025,2025-11-13,2025-11-14 00:00:00+00:00,Howard Bison,Alcorn State Braves,0,0,,,,,False,Burr Gymnasium,alcornstate::howard,ec88803a00c93f370ddee747b6a5ddae,BetMGM,spreads,full_game,2025-11-14 00:00:00+00:00,2025-11-13 17:51:39+00:00,Howard Bison,Alcorn St Braves,,,-7.5,-110.0,7.5,-110.0,,,,2025-11-14,1
401829686,2025,2025-11-13,2025-11-14 00:00:00+00:00,Howard Bison,Alcorn State Braves,0,0,,,,,False,Burr Gymnasium,alcornstate::howard,ec88803a00c93f370ddee747b6a5ddae,BetMGM,totals,full_game,2025-11-14 00:00:00+00:00,2025-11-13 17:51:39+00:00,Howard Bison,Alcorn St Braves,,,,,,,154.5,-110.0,-110.0,2025-11-14,1
401829686,2025,2025-11-13,2025-11-14 00:00:00+00:00,Howard Bison,Alcorn State Braves,0,0,,,,,False,Burr Gymnasium,alcornstate::howard,ec88803a00c93f370ddee747b6a5ddae,BetOnline.ag,spreads,full_game,2025-11-14 00:00:00+00:00,2025-11-13 17:51:16+00:00,Howard Bison,Alcorn St Braves,,,-7.5,102.0,7.5,-122.0,,,,2025-11-14,1
401829686,2025,2025-11-13,2025-11-14 00:00:00+00:00,Howard Bison,Alcorn State Braves,0,0,,,,,False,Burr Gymnasium,alcornstate::howard,ec88803a00c93f370ddee747b6a5ddae,BetOnline.ag,totals,full_game,2025-11-14 00:00:00+00:00,2025-11-13 17:51:16+00:00,Howard Bison,Alcorn St Braves,,,,,,,154.0,-120.0,100.0,2025-11-14,1
401829686,2025,2025-11-13,2025-11-14 00:00:00+00:00,Howard Bison,Alcorn State Braves,0,0,,,,,False,Burr Gymnasium,alcornstate::howard,ec88803a00c93f370ddee747b6a5ddae,BetRivers,h2h,2h,2025-11-14 00:00:00+00:00,2025-11-13 17:51:40+00:00,Howard Bison,Alcorn St Braves,-375.0,280.0,,,,,,,,2025-11-14,1
401829686,2025,2025-11-13,2025-11-14 00:00:00+00:00,Howard Bison,Alcorn State Braves,0,0,,,,,False,Burr Gymnasium,alcornstate::howard,ec88803a00c93f370ddee747b6a5ddae,BetRivers,spreads,full_game,2025-11-14 00:00:00+00:00,2025-11-13 17:51:40+00:00,Howard Bison,Alcorn St Braves,,,-7.5,-115.0,7.5,-108.0,,,,2025-11-14,1
401829686,2025,2025-11-13,2025-11-14 00:00:00+00:00,Howard Bison,Alcorn State Braves,0,0,,,,,False,Burr Gymnasium,alcornstate::howard,ec88803a00c93f370ddee747b6a5ddae,BetRivers,totals,full_game,2025-11-14 00:00:00+00:00,2025-11-13 17:51:40+00:00,Howard Bison,Alcorn St Braves,,,,,,,155.0,-109.0,-113.0,2025-11-14,1
401829686,2025,2025-11-13,2025-11-14 00:00:00+00:00,Howard Bison,Alcorn State Braves,0,0,,,,,False,Burr Gymnasium,alcornstate::howard,ec88803a00c93f370ddee747b6a5ddae,Bovada,h2h,2h,2025-11-14 00:00:00+00:00,2025-11-13 17:51:58+00:00,Howard Bison,Alcorn St Braves,-320.0,260.0,,,,,,,,2025-11-14,1
401829686,2025,2025-11-13,2025-11-14 00:00:00+00:00,Howard Bison,Alcorn State Braves,0,0,,,,,False,Burr Gymnasium,alcornstate::howard,ec88803a00c93f370ddee747b6a5ddae,Bovada,spreads,full_game,2025-11-14 00:00:00+00:00,2025-11-13 17:51:58+00:00,Howard Bison,Alcorn St Braves,,,-7.0,-110.0,7.0,-110.0,,,,2025-11-14,1
401829686,2025,2025-11-13,2025-11-14 00:00:00+00:00,Howard Bison,Alcorn State Braves,0,0,,,,,False,Burr Gymnasium,alcornstate::howard,ec88803a00c93f370ddee747b6a5ddae,Bovada,totals,full_game,2025-11-14 00:00:00+00:00,2025-11-13 17:51:58+00:00,Howard Bison,Alcorn St Braves,,,,,,,154.0,-110.0,-110.0,2025-11-14,1
401829686,2025,2025-11-13,2025-11-14 00:00:00+00:00,Howard Bison,Alcorn State Braves,0,0,,,,,False,Burr Gymnasium,alcornstate::howard,ec88803a00c93f370ddee747b6a5ddae,Caesars,h2h,2h,2025-11-14 00:00:00+00:00,2025-11-13 17:51:07+00:00,Howard Bison,Alcorn St Braves,-355.0,278.0,,,,,,,,2025-11-14,1
401829686,2025,2025-11-13,2025-11-14 00:00:00+00:00,Howard Bison,Alcorn State Braves,0,0,,,,,False,Burr Gymnasium,alcornstate::howard,ec88803a00c93f370ddee747b6a5ddae,Caesars,spreads,full_game,2025-11-14 00:00:00+00:00,2025-11-13 17:51:07+00:00,Howard Bison,Alcorn St Braves,,,-7.5,-110.0,7.5,-110.0,,,,2025-11-14,1
401829686,2025,2025-11-13,2025-11-14 00:00:00+00:00,Howard Bison,Alcorn State Braves,0,0,,,,,False,Burr Gymnasium,alcornstate::howard,ec88803a00c93f370ddee747b6a5ddae,Caesars,totals,full_game,2025-11-14 00:00:00+00:00,2025-11-13 17:51:07+00:00,Howard Bison,Alcorn St Braves,,,,,,,154.5,-110.0,-110.0,2025-11-14,1
401829686,2025,2025-11-13,2025-11-14 00:00:00+00:00,Howard Bison,Alcorn State Braves,0,0,,,,,False,Burr Gymnasium,alcornstate::howard,ec88803a00c93f370ddee747b6a5ddae,DraftKings,h2h,2h,2025-11-14 00:00:00+00:00,2025-11-13 17:51:39+00:00,Howard Bison,Alcorn St Braves,-355.0,280.0,,,,,,,,2025-11-14,1
401829686,2025,2025-11-13,2025-11-14 00:00:00+00:00,Howard Bison,Alcorn State Braves,0,0,,,,,False,Burr Gymnasium,alcornstate::howard,ec88803a00c93f370ddee747b6a5ddae,DraftKings,spreads,full_game,2025-11-14 00:00:00+00:00,2025-11-13 17:51:39+00:00,Howard Bison,Alcorn St Braves,,,-7.5,-108.0,7.5,-112.0,,,,2025-11-14,1
401829686,2025,2025-11-13,2025-11-14 00:00:00+00:00,Howard Bison,Alcorn State Braves,0,0,,,,,False,Burr Gymnasium,alcornstate::howard,ec88803a00c93f370ddee747b6a5ddae,DraftKings,totals,full_game,2025-11-14 00:00:00+00:00,2025-11-13 17:51:39+00:00,Howard Bison,Alcorn St Braves,,,,,,,154.5,-112.0,-108.0,2025-11-14,1
401829686,2025,2025-11-13,2025-11-14 00:00:00+00:00,Howard Bison,Alcorn State Braves,0,0,,,,,False,Burr Gymnasium,alcornstate::howard,ec88803a00c93f370ddee747b6a5ddae,FanDuel,h2h,2h,2025-11-14 00:00:00+00:00,2025-11-13 17:50:14+00:00,Howard Bison,Alcorn St Braves,-345.0,270.0,,,,,,,,2025-11-14,1
401829686,2025,2025-11-13,2025-11-14 00:00:00+00:00,Howard Bison,Alcorn State Braves,0,0,,,,,False,Burr Gymnasium,alcornstate::howard,ec88803a00c93f370ddee747b6a5ddae,FanDuel,spreads,full_game,2025-11-14 00:00:00+00:00,2025-11-13 17:50:14+00:00,Howard Bison,Alcorn St Braves,,,-7.5,-105.0,7.5,-115.0,,,,2025-11-14,1
401829686,2025,2025-11-13,2025-11-14 00:00:00+00:00,Howard Bison,Alcorn State Braves,0,0,,,,,False,Burr Gymnasium,alcornstate::howard,ec88803a00c93f370ddee747b6a5ddae,FanDuel,totals,full_game,2025-11-14 00:00:00+00:00,2025-11-13 17:50:14+00:00,Howard Bison,Alcorn St Braves,,,,,,,154.5,-115.0,-105.0,2025-11-14,1
401829686,2025,2025-11-13,2025-11-14 00:00:00+00:00,Howard Bison,Alcorn State Braves,0,0,,,,,False,Burr Gymnasium,alcornstate::howard,ec88803a00c93f370ddee747b6a5ddae,Fanatics,h2h,2h,2025-11-14 00:00:00+00:00,2025-11-13 17:51:39+00:00,Howard Bison,Alcorn St Braves,-325.0,250.0,,,,,,,,2025-11-14,1
401829686,2025,2025-11-13,2025-11-14 00:00:00+00:00,Howard Bison,Alcorn State Braves,0,0,,,,,False,Burr Gymnasium,alcornstate::howard,ec88803a00c93f370ddee747b6a5ddae,Fanatics,spreads,full_game,2025-11-14 00:00:00+00:00,2025-11-13 17:51:39+00:00,Howard Bison,Alcorn St Braves,,,-7.5,-110.0,7.5,-110.0,,,,2025-11-14,1
401829686,2025,2025-11-13,2025-11-14 00:00:00+00:00,Howard Bison,Alcorn State Braves,0,0,,,,,False,Burr Gymnasium,alcornstate::howard,ec88803a00c93f370ddee747b6a5ddae,Fanatics,totals,full_game,2025-11-14 00:00:00+00:00,2025-11-13 17:51:39+00:00,Howard Bison,Alcorn St Braves,,,,,,,154.0,-110.0,-110.0,2025-11-14,1
401829686,2025,2025-11-13,2025-11-14 00:00:00+00:00,Howard Bison,Alcorn State Braves,0,0,,,,,False,Burr Gymnasium,alcornstate::howard,ec88803a00c93f370ddee747b6a5ddae,LowVig.ag,spreads,full_game,2025-11-14 00:00:00+00:00,2025-11-13 17:51:40+00:00,Howard Bison,Alcorn St Braves,,,-7.5,106.0,7.5,-118.0,,,,2025-11-14,1
401829686,2025,2025-11-13,2025-11-14 00:00:00+00:00,Howard Bison,Alcorn State Braves,0,0,,,,,False,Burr Gymnasium,alcornstate::howard,ec88803a00c93f370ddee747b6a5ddae,LowVig.ag,totals,full_game,2025-11-14 00:00:00+00:00,2025-11-13 17:51:40+00:00,Howard Bison,Alcorn St Braves,,,,,,,154.0,-119.0,102.0,2025-11-14,1
